gauge_id,NSE,day,static,encoder,decoder
49014,0.6179354493796982,2,ire_pc_sse,t_min_e5l,t_max_e5l
49047,0.4544514920150739,2,ire_pc_sse,t_min_e5l,t_max_e5l
49052,0.2617216499057031,2,ire_pc_sse,t_min_e5l,t_max_e5l
49058,0.755442936020846,2,ire_pc_sse,t_min_e5l,t_max_e5l
49070,0.7755637031889039,2,ire_pc_sse,t_min_e5l,t_max_e5l
49090,0.7099928746608087,2,ire_pc_sse,t_min_e5l,t_max_e5l
49093,0.5995915444390245,2,ire_pc_sse,t_min_e5l,t_max_e5l
49094,0.7119720184049327,1,ire_pc_sse,t_min_e5l,t_min_e5l
49110,0.783694619145394,2,ire_pc_sse,t_min_e5l,t_min_e5l
49114,0.5413212887938204,2,ire_pc_sse,t_min_e5l,t_max_e5l
49120,0.7872633587998792,1,ire_pc_sse,t_min_e5l,t_max_e5l
49123,0.5895235773005474,2,ire_pc_sse,t_min_e5l,t_max_e5l
49125,0.7820741247694485,2,ire_pc_sse,t_min_e5l,t_max_e5l
49127,0.6516953918528345,2,ire_pc_sse,t_min_e5l,t_max_e5l
49129,0.6478419331676813,2,ire_pc_sse,t_min_e5l,t_max_e5l
49149,0.6355863078582287,2,ire_pc_sse,t_min_e5l,t_max_e5l
71086,0.6863840838915243,2,ire_pc_sse,t_min_e5l,t_max_e5l
71104,0.6107334895285312,365,ire_pc_sse,t_min_e5l,t_max_e5l
71146,0.5053416518886978,2,ire_pc_sse,t_min_e5l,t_max_e5l
71185,-0.8442423057049684,1,ire_pc_sse,t_min_e5l,t_min_e5l
71186,0.5896332082288873,2,ire_pc_sse,t_min_e5l,t_max_e5l
71193,0.7798333004912149,2,ire_pc_sse,t_min_e5l,t_max_e5l
71199,0.7296983129029944,2,ire_pc_sse,t_min_e5l,t_max_e5l
9164,0.7270508679032752,2,ire_pc_sse,t_min_e5l,t_max_e5l
9166,0.761483816598602,2,ire_pc_sse,t_min_e5l,t_max_e5l
9169,0.7562364771007055,2,ire_pc_sse,t_min_e5l,t_max_e5l
9189,0.8450987132099212,2,ire_pc_sse,t_min_e5l,t_max_e5l
9191,0.7467904712022854,2,ire_pc_sse,t_min_e5l,t_max_e5l
9199,0.7650058751602238,1,ire_pc_sse,t_min_e5l,t_max_e5l
9207,0.5961585888311043,2,ire_pc_sse,t_min_e5l,t_max_e5l
9213,0.7054990736140894,2,ire_pc_sse,t_min_e5l,t_max_e5l
9215,0.6606034828444566,2,ire_pc_sse,t_min_e5l,t_max_e5l
9216,0.6549955993875411,1,ire_pc_sse,t_min_e5l,t_min_e5l
9217,0.641387630634676,2,ire_pc_sse,t_min_e5l,t_max_e5l
9226,0.6471764976800163,2,ire_pc_sse,t_min_e5l,t_max_e5l
9253,0.8660212738109858,1,ire_pc_sse,t_min_e5l,t_min_e5l
9256,0.8127183552592954,2,ire_pc_sse,t_min_e5l,t_max_e5l
9264,0.6614151674627233,2,ire_pc_sse,t_min_e5l,t_max_e5l
9279,0.5339658503870801,2,ire_pc_sse,t_min_e5l,t_max_e5l
9282,0.7640908889484693,365,ire_pc_sse,t_min_e5l,t_max_e5l
9283,0.562178989168385,2,ire_pc_sse,t_min_e5l,t_max_e5l
9285,0.6754661532792852,2,ire_pc_sse,t_min_e5l,t_max_e5l
9286,0.5501810430769793,2,ire_pc_sse,t_min_e5l,t_max_e5l
9290,0.5835533282850921,1,ire_pc_sse,t_min_e5l,t_min_e5l
9294,0.8152209603981702,2,ire_pc_sse,t_min_e5l,t_max_e5l
9298,0.5903139833104144,2,ire_pc_sse,t_min_e5l,t_max_e5l
9304,0.7788170794990117,2,ire_pc_sse,t_min_e5l,t_max_e5l
9323,0.6512505523691633,2,ire_pc_sse,t_min_e5l,t_max_e5l
9324,0.7728787041969246,1,ire_pc_sse,t_min_e5l,t_min_e5l
9326,0.8461443695070867,2,ire_pc_sse,t_min_e5l,t_max_e5l
9329,0.7825229778477666,2,ire_pc_sse,t_min_e5l,t_max_e5l
9333,0.6547412485190118,2,ire_pc_sse,t_min_e5l,t_max_e5l
9335,0.8099309920635205,365,ire_pc_sse,t_min_e5l,t_max_e5l
9337,0.7993889476581738,2,ire_pc_sse,t_min_e5l,t_max_e5l
9341,0.8391306572827156,2,ire_pc_sse,t_min_e5l,t_max_e5l
9342,0.7323996282507033,2,ire_pc_sse,t_min_e5l,t_max_e5l
9343,0.8196482386934447,2,ire_pc_sse,t_min_e5l,t_max_e5l
9356,0.6409531695197427,2,ire_pc_sse,t_min_e5l,t_max_e5l
9370,0.7748006451986088,4,ire_pc_sse,t_min_e5l,t_max_e5l
9372,0.2007172271529982,2,ire_pc_sse,t_min_e5l,t_max_e5l
9380,0.8431929165302752,1,ire_pc_sse,t_min_e5l,t_max_e5l
9383,0.6507396185922247,2,ire_pc_sse,t_min_e5l,t_max_e5l
9385,0.492099794602442,2,ire_pc_sse,t_min_e5l,t_max_e5l
9397,0.6623297272213988,2,ire_pc_sse,t_min_e5l,t_min_e5l
9403,0.7384395627221065,2,ire_pc_sse,t_min_e5l,t_max_e5l
9404,0.7590535487492441,2,ire_pc_sse,t_min_e5l,t_max_e5l
9417,0.655663366345167,2,ire_pc_sse,t_min_e5l,t_max_e5l
9520,0.7660772884651033,2,ire_pc_sse,t_min_e5l,t_max_e5l
9547,0.7786023136984321,2,ire_pc_sse,t_min_e5l,t_max_e5l
9560,0.8019194406016306,2,ire_pc_sse,t_min_e5l,t_max_e5l
9563,0.6818649280770641,2,ire_pc_sse,t_min_e5l,t_max_e5l
9568,0.8062825375674505,2,ire_pc_sse,t_min_e5l,t_max_e5l
76007,0.7827520489034956,2,ire_pc_sse,t_min_e5l,t_max_e5l
76008,0.7950052445234044,2,ire_pc_sse,t_min_e5l,t_max_e5l
76075,0.6882048799125278,2,ire_pc_sse,t_min_e5l,t_max_e5l
76076,0.7586430922436465,2,ire_pc_sse,t_min_e5l,t_max_e5l
76089,0.7611487596490639,2,ire_pc_sse,t_min_e5l,t_max_e5l
76099,0.7322974238670132,365,ire_pc_sse,t_min_e5l,t_max_e5l
76112,0.7104501246531245,2,ire_pc_sse,t_min_e5l,t_max_e5l
76130,0.7405659020510194,2,ire_pc_sse,t_min_e5l,t_max_e5l
76139,0.7413691828106024,2,ire_pc_sse,t_min_e5l,t_max_e5l
76141,0.7569857879248459,2,ire_pc_sse,t_min_e5l,t_max_e5l
76159,0.7212184125071844,2,ire_pc_sse,t_min_e5l,t_max_e5l
76165,0.7143807554351793,2,ire_pc_sse,t_min_e5l,t_max_e5l
76176,0.6765878798354985,2,ire_pc_sse,t_min_e5l,t_max_e5l
76180,0.724237446707682,2,ire_pc_sse,t_min_e5l,t_max_e5l
76190,0.68565570422276,2,ire_pc_sse,t_min_e5l,t_max_e5l
76217,0.8022156430233078,2,ire_pc_sse,t_min_e5l,t_max_e5l
76243,0.6958582669345804,2,ire_pc_sse,t_min_e5l,t_max_e5l
76253,0.5985298327339981,2,ire_pc_sse,t_min_e5l,t_max_e5l
76255,0.6639393187403284,2,ire_pc_sse,t_min_e5l,t_max_e5l
76256,0.6967821475987765,2,ire_pc_sse,t_min_e5l,t_max_e5l
76264,-0.5504388035062371,1,ire_pc_sse,t_min_e5l,t_max_e5l
76270,0.7591408684286505,2,ire_pc_sse,t_min_e5l,t_max_e5l
76275,0.6387763950477818,2,ire_pc_sse,t_min_e5l,t_max_e5l
76284,0.5797996169772814,365,ire_pc_sse,t_min_e5l,t_max_e5l
76317,0.6558718171030038,2,ire_pc_sse,t_min_e5l,t_max_e5l
76318,0.7233242570517333,2,ire_pc_sse,t_min_e5l,t_max_e5l
76321,0.7605971305003774,2,ire_pc_sse,t_min_e5l,t_max_e5l
76324,0.7523447040125423,2,ire_pc_sse,t_min_e5l,t_max_e5l
76345,0.5669833550681977,2,ire_pc_sse,t_min_e5l,t_max_e5l
76355,0.7602021575217023,2,ire_pc_sse,t_min_e5l,t_max_e5l
76360,0.8178728183640467,2,ire_pc_sse,t_min_e5l,t_max_e5l
76363,0.7352971456268609,2,ire_pc_sse,t_min_e5l,t_max_e5l
76364,0.8139237807219539,2,ire_pc_sse,t_min_e5l,t_max_e5l
76367,0.7228311542777555,2,ire_pc_sse,t_min_e5l,t_max_e5l
76406,0.6830273407773753,2,ire_pc_sse,t_min_e5l,t_max_e5l
76408,0.6550154117953458,2,ire_pc_sse,t_min_e5l,t_max_e5l
76416,0.6143788959646823,365,ire_pc_sse,t_min_e5l,t_max_e5l
76417,0.4964860871030599,365,ire_pc_sse,t_min_e5l,t_min_e5l
76421,0.757944924827216,2,ire_pc_sse,t_min_e5l,t_max_e5l
76423,0.7898665558719166,2,ire_pc_sse,t_min_e5l,t_max_e5l
76454,0.6159037821866646,2,ire_pc_sse,t_min_e5l,t_max_e5l
76456,0.6525491600816653,2,ire_pc_sse,t_min_e5l,t_max_e5l
76461,0.7688491843037686,2,ire_pc_sse,t_min_e5l,t_max_e5l
76462,0.3796681297706542,2,ire_pc_sse,t_min_e5l,t_max_e5l
76466,0.5602081369610725,2,ire_pc_sse,t_min_e5l,t_max_e5l
76483,0.712153957038834,1,ire_pc_sse,t_min_e5l,t_max_e5l
76486,0.8850795230703329,2,ire_pc_sse,t_min_e5l,t_max_e5l
76489,0.7053960423925676,2,ire_pc_sse,t_min_e5l,t_max_e5l
76490,0.6320880862815181,2,ire_pc_sse,t_min_e5l,t_max_e5l
76494,0.6296109119085586,2,ire_pc_sse,t_min_e5l,t_max_e5l
76495,0.7793566919547625,2,ire_pc_sse,t_min_e5l,t_max_e5l
76499,0.8377157368580144,135,ire_pc_sse,t_min_e5l,t_max_e5l
76500,0.7393928193051358,2,ire_pc_sse,t_min_e5l,t_max_e5l
76512,0.7361911089775621,2,ire_pc_sse,t_min_e5l,t_max_e5l
76518,0.7463853878562194,2,ire_pc_sse,t_min_e5l,t_max_e5l
76519,0.7508104901086159,2,ire_pc_sse,t_min_e5l,t_max_e5l
76520,0.7580356545262803,365,ire_pc_sse,t_min_e5l,t_max_e5l
76533,0.659180381441552,2,ire_pc_sse,t_min_e5l,t_max_e5l
76646,0.7356170961243036,2,ire_pc_sse,t_min_e5l,t_max_e5l
76648,0.1873983867326569,1,ire_pc_sse,t_min_e5l,t_min_e5l
76649,0.737013727876638,2,ire_pc_sse,t_min_e5l,t_max_e5l
76650,0.5420118928311801,365,ire_pc_sse,t_min_e5l,t_max_e5l
76651,0.6059469965507631,2,ire_pc_sse,t_min_e5l,t_max_e5l
76652,0.728387903880254,2,ire_pc_sse,t_min_e5l,t_max_e5l
76653,0.6723712576429355,2,ire_pc_sse,t_min_e5l,t_max_e5l
76661,0.7333211056056934,2,ire_pc_sse,t_min_e5l,t_max_e5l
76673,0.7842112778796166,2,ire_pc_sse,t_min_e5l,t_max_e5l
76685,0.7410293683316689,2,ire_pc_sse,t_min_e5l,t_max_e5l
76688,0.3984113090258738,2,ire_pc_sse,t_min_e5l,t_max_e5l
76690,0.7214361472034463,2,ire_pc_sse,t_min_e5l,t_max_e5l
76692,0.5095731806751043,2,ire_pc_sse,t_min_e5l,t_max_e5l
76701,0.793489755534332,2,ire_pc_sse,t_min_e5l,t_max_e5l
11306,0.7418625349974547,2,ire_pc_sse,t_min_e5l,t_max_e5l
11308,0.676546951277917,1,ire_pc_sse,t_min_e5l,t_max_e5l
11309,0.8139141720274106,2,ire_pc_sse,t_min_e5l,t_max_e5l
11312,0.8372854304395809,1,ire_pc_sse,t_min_e5l,t_min_e5l
11334,0.6317834853226385,2,ire_pc_sse,t_min_e5l,t_max_e5l
11335,0.7263810777256091,2,ire_pc_sse,t_min_e5l,t_max_e5l
11337,0.8092257507968893,2,ire_pc_sse,t_min_e5l,t_max_e5l
11350,0.7233439023800783,2,ire_pc_sse,t_min_e5l,t_max_e5l
11351,0.5166448953243201,2,ire_pc_sse,t_min_e5l,t_max_e5l
11352,0.7891704019107497,2,ire_pc_sse,t_min_e5l,t_max_e5l
11353,0.4242251183656254,2,ire_pc_sse,t_min_e5l,t_max_e5l
11357,0.669710332342961,2,ire_pc_sse,t_min_e5l,t_max_e5l
11368,0.6479242158746916,2,ire_pc_sse,t_min_e5l,t_max_e5l
11370,0.7535114751117922,2,ire_pc_sse,t_min_e5l,t_max_e5l
11379,0.7926010819347374,2,ire_pc_sse,t_min_e5l,t_max_e5l
11385,0.7112063444314007,2,ire_pc_sse,t_min_e5l,t_max_e5l
11473,0.7245909499714082,2,ire_pc_sse,t_min_e5l,t_max_e5l
11487,0.6670428861027503,2,ire_pc_sse,t_min_e5l,t_max_e5l
11491,0.7546398536822372,2,ire_pc_sse,t_min_e5l,t_max_e5l
11500,0.6147422778565569,2,ire_pc_sse,t_min_e5l,t_max_e5l
11502,0.6941772700860339,2,ire_pc_sse,t_min_e5l,t_max_e5l
11620,0.7498638516616825,2,ire_pc_sse,t_min_e5l,t_max_e5l
11622,0.7880541902465478,2,ire_pc_sse,t_min_e5l,t_max_e5l
11628,0.6462874574575539,2,ire_pc_sse,t_min_e5l,t_max_e5l
11637,0.7579208576025417,2,ire_pc_sse,t_min_e5l,t_max_e5l
11676,0.7607266635933821,2,ire_pc_sse,t_min_e5l,t_max_e5l
12043,0.5577028029834464,2,ire_pc_sse,t_min_e5l,t_max_e5l
12059,0.7407368138957513,2,ire_pc_sse,t_min_e5l,t_max_e5l
12061,0.8098105366105814,2,ire_pc_sse,t_min_e5l,t_max_e5l
12115,0.6885530833704447,1,ire_pc_sse,t_min_e5l,t_max_e5l
12125,0.7065203206990671,2,ire_pc_sse,t_min_e5l,t_max_e5l
12189,0.8539467925620845,4,ire_pc_sse,t_min_e5l,t_max_e5l
12202,0.5184588724393646,364,ire_pc_sse,t_min_e5l,t_max_e5l
12239,0.0789698331011832,2,ire_pc_sse,t_min_e5l,t_max_e5l
12279,0.5370782675978543,2,ire_pc_sse,t_min_e5l,t_max_e5l
12315,0.7426675913760616,2,ire_pc_sse,t_min_e5l,t_max_e5l
12320,0.8044526834440431,2,ire_pc_sse,t_min_e5l,t_min_e5l
12383,0.6441406946361576,1,ire_pc_sse,t_min_e5l,t_min_e5l
12417,0.833433264574098,2,ire_pc_sse,t_min_e5l,t_max_e5l
12430,0.5858510932205764,2,ire_pc_sse,t_min_e5l,t_max_e5l
12476,0.3422715821975057,2,ire_pc_sse,t_min_e5l,t_max_e5l
12498,0.786207670878774,2,ire_pc_sse,t_min_e5l,t_max_e5l
12511,0.847208240138555,2,ire_pc_sse,t_min_e5l,t_max_e5l
12611,0.6308353111404614,2,ire_pc_sse,t_min_e5l,t_max_e5l
12651,0.7942160942442181,2,ire_pc_sse,t_min_e5l,t_max_e5l
49126,0.5943264973794988,2,ire_pc_sse,t_min_e5l,t_max_e5l
70011,0.5864468553053488,2,ire_pc_sse,t_min_e5l,t_max_e5l
70117,0.6546553868449898,2,ire_pc_sse,t_min_e5l,t_max_e5l
70118,0.7277892523178995,2,ire_pc_sse,t_min_e5l,t_max_e5l
70147,0.7137187532033601,2,ire_pc_sse,t_min_e5l,t_max_e5l
70158,0.3203422904778246,3,ire_pc_sse,t_min_e5l,t_min_e5l
70175,0.8090711112377831,2,ire_pc_sse,t_min_e5l,t_max_e5l
70206,0.7564059860878107,2,ire_pc_sse,t_min_e5l,t_max_e5l
70209,0.7552033173873492,2,ire_pc_sse,t_min_e5l,t_max_e5l
70211,0.6399408032732328,2,ire_pc_sse,t_min_e5l,t_max_e5l
70212,0.7171194306664874,1,ire_pc_sse,t_min_e5l,t_max_e5l
70213,0.7054641511043569,2,ire_pc_sse,t_min_e5l,t_max_e5l
70217,0.6784068764369491,2,ire_pc_sse,t_min_e5l,t_max_e5l
70242,0.5189094843750945,3,ire_pc_sse,t_min_e5l,t_min_e5l
70246,0.6475057153649583,2,ire_pc_sse,t_min_e5l,t_min_e5l
70248,0.2843663901174473,2,ire_pc_sse,t_min_e5l,t_min_e5l
70250,0.8066292399226189,2,ire_pc_sse,t_min_e5l,t_max_e5l
70284,0.8313765291304347,1,ire_pc_sse,t_min_e5l,t_min_e5l
70288,0.755693949941374,2,ire_pc_sse,t_min_e5l,t_max_e5l
70328,0.5166597116086074,2,ire_pc_sse,t_min_e5l,t_max_e5l
70331,0.578928557732699,2,ire_pc_sse,t_min_e5l,t_max_e5l
70334,0.5719876673593705,2,ire_pc_sse,t_min_e5l,t_max_e5l
70339,0.8224843297421393,2,ire_pc_sse,t_min_e5l,t_max_e5l
70340,0.7254359638003387,2,ire_pc_sse,t_min_e5l,t_max_e5l
70345,0.7350850184144053,2,ire_pc_sse,t_min_e5l,t_max_e5l
70348,0.7915348636625601,2,ire_pc_sse,t_min_e5l,t_max_e5l
70378,0.6527078508670807,2,ire_pc_sse,t_min_e5l,t_max_e5l
70382,0.7520340362637848,2,ire_pc_sse,t_min_e5l,t_max_e5l
70399,0.7371353965567933,2,ire_pc_sse,t_min_e5l,t_max_e5l
70410,0.7535733821837267,2,ire_pc_sse,t_min_e5l,t_max_e5l
70414,0.7169312709294215,2,ire_pc_sse,t_min_e5l,t_max_e5l
70444,0.7322701432151859,2,ire_pc_sse,t_min_e5l,t_max_e5l
70459,0.2373810775634504,2,ire_pc_sse,t_min_e5l,t_max_e5l
70466,0.550127987306892,2,ire_pc_sse,t_min_e5l,t_max_e5l
70486,0.8558787666077721,365,ire_pc_sse,t_min_e5l,t_max_e5l
70499,0.8193861594258973,2,ire_pc_sse,t_min_e5l,t_min_e5l
70509,0.4258525646988309,2,ire_pc_sse,t_min_e5l,t_max_e5l
70512,0.7527044884614854,2,ire_pc_sse,t_min_e5l,t_max_e5l
70517,0.7878353857736646,2,ire_pc_sse,t_min_e5l,t_max_e5l
70522,0.7337534352198745,2,ire_pc_sse,t_min_e5l,t_max_e5l
70531,0.6946372883717875,2,ire_pc_sse,t_min_e5l,t_max_e5l
70533,0.8106225040891094,2,ire_pc_sse,t_min_e5l,t_max_e5l
70559,0.7602781252245485,2,ire_pc_sse,t_min_e5l,t_max_e5l
70566,0.6709760543737804,1,ire_pc_sse,t_min_e5l,t_min_e5l
70574,0.5847364942625755,2,ire_pc_sse,t_min_e5l,t_max_e5l
70583,0.8630340617856882,2,ire_pc_sse,t_min_e5l,t_max_e5l
70586,0.7180944313770625,2,ire_pc_sse,t_min_e5l,t_max_e5l
70587,0.728531941269476,2,ire_pc_sse,t_min_e5l,t_min_e5l
70589,0.7244593081686899,2,ire_pc_sse,t_min_e5l,t_max_e5l
70597,0.6786930932017371,2,ire_pc_sse,t_min_e5l,t_max_e5l
70601,0.7151304227875172,2,ire_pc_sse,t_min_e5l,t_max_e5l
70609,0.7802641220163881,2,ire_pc_sse,t_min_e5l,t_max_e5l
70614,0.7652073141527743,2,ire_pc_sse,t_min_e5l,t_max_e5l
70617,0.7228861019386592,2,ire_pc_sse,t_min_e5l,t_max_e5l
10042,0.7413667204315785,2,ire_pc_sse,t_min_e5l,t_max_e5l
10044,0.8111256836900284,2,ire_pc_sse,t_min_e5l,t_max_e5l
10048,0.0464138896605286,2,ire_pc_sse,t_min_e5l,t_max_e5l
10059,0.5787750162536397,2,ire_pc_sse,t_min_e5l,t_max_e5l
10062,0.8821799397122796,1,ire_pc_sse,t_min_e5l,t_min_e5l
10066,0.8082561656015225,2,ire_pc_sse,t_min_e5l,t_max_e5l
10073,0.8004867928667349,2,ire_pc_sse,t_min_e5l,t_max_e5l
10075,0.6886716282852225,2,ire_pc_sse,t_min_e5l,t_max_e5l
10078,0.6776480019969583,2,ire_pc_sse,t_min_e5l,t_max_e5l
10100,0.7870175241691301,2,ire_pc_sse,t_min_e5l,t_max_e5l
10108,0.8305147457870096,2,ire_pc_sse,t_min_e5l,t_min_e5l
10110,0.8232732303538455,2,ire_pc_sse,t_min_e5l,t_max_e5l
10112,0.8074869428996575,2,ire_pc_sse,t_min_e5l,t_max_e5l
10117,0.7696496971099629,2,ire_pc_sse,t_min_e5l,t_max_e5l
10120,0.6982123223128563,2,ire_pc_sse,t_min_e5l,t_max_e5l
10122,0.7319960915877505,2,ire_pc_sse,t_min_e5l,t_max_e5l
10126,0.4812881320502584,2,ire_pc_sse,t_min_e5l,t_max_e5l
10133,0.7697524618165071,365,ire_pc_sse,t_min_e5l,t_max_e5l
10144,0.7498069477128095,2,ire_pc_sse,t_min_e5l,t_max_e5l
10148,0.1529995856606359,2,ire_pc_sse,t_min_e5l,t_max_e5l
10150,0.7992649591128136,2,ire_pc_sse,t_min_e5l,t_max_e5l
10176,0.7398477605653342,2,ire_pc_sse,t_min_e5l,t_max_e5l
10177,0.6503737099077265,2,ire_pc_sse,t_min_e5l,t_max_e5l
10184,0.7372199728617532,2,ire_pc_sse,t_min_e5l,t_max_e5l
10194,0.5461108327035945,2,ire_pc_sse,t_min_e5l,t_min_e5l
10198,-0.5935812932836408,2,ire_pc_sse,t_min_e5l,t_max_e5l
10202,0.7213727351618938,2,ire_pc_sse,t_min_e5l,t_max_e5l
10204,-0.1109686832751377,2,ire_pc_sse,t_min_e5l,t_max_e5l
10205,0.6104829203314308,2,ire_pc_sse,t_min_e5l,t_max_e5l
10209,0.7806349807063309,2,ire_pc_sse,t_min_e5l,t_max_e5l
10211,0.7789273122686955,1,ire_pc_sse,t_min_e5l,t_max_e5l
10216,0.7469222186722498,2,ire_pc_sse,t_min_e5l,t_max_e5l
10219,0.5119927449161517,365,ire_pc_sse,t_min_e5l,t_max_e5l
10220,0.6948955001068489,2,ire_pc_sse,t_min_e5l,t_max_e5l
10221,0.6108940523790997,2,ire_pc_sse,t_min_e5l,t_max_e5l
10223,0.7370916352577053,2,ire_pc_sse,t_min_e5l,t_max_e5l
10231,0.7406057220727811,2,ire_pc_sse,t_min_e5l,t_max_e5l
10232,0.6383489242189859,2,ire_pc_sse,t_min_e5l,t_max_e5l
10240,0.7704674219983991,2,ire_pc_sse,t_min_e5l,t_max_e5l
10246,0.7491143525467499,2,ire_pc_sse,t_min_e5l,t_max_e5l
10264,0.7456075372097697,2,ire_pc_sse,t_min_e5l,t_max_e5l
10266,0.7110518304895252,2,ire_pc_sse,t_min_e5l,t_max_e5l
10276,0.7351777482386614,2,ire_pc_sse,t_min_e5l,t_max_e5l
10279,0.7718854398661424,2,ire_pc_sse,t_min_e5l,t_max_e5l
10292,0.7782131530181597,2,ire_pc_sse,t_min_e5l,t_max_e5l
10301,0.6385502837082637,2,ire_pc_sse,t_min_e5l,t_max_e5l
10308,0.7154242844283678,2,ire_pc_sse,t_min_e5l,t_max_e5l
10315,0.7649878851158194,2,ire_pc_sse,t_min_e5l,t_max_e5l
10323,0.2731454167779195,2,ire_pc_sse,t_min_e5l,t_max_e5l
10343,0.732445653895386,2,ire_pc_sse,t_min_e5l,t_max_e5l
10349,0.4971868307986143,2,ire_pc_sse,t_min_e5l,t_max_e5l
10369,0.7331431464250979,2,ire_pc_sse,t_min_e5l,t_max_e5l
10379,0.6080881506776339,2,ire_pc_sse,t_min_e5l,t_max_e5l
10380,0.652074916616473,2,ire_pc_sse,t_min_e5l,t_max_e5l
10384,0.7161731076445286,2,ire_pc_sse,t_min_e5l,t_max_e5l
10385,0.7528923315708342,2,ire_pc_sse,t_min_e5l,t_max_e5l
10387,0.702606901737982,2,ire_pc_sse,t_min_e5l,t_max_e5l
10392,0.6339285254208492,2,ire_pc_sse,t_min_e5l,t_max_e5l
10394,0.7052595404219091,2,ire_pc_sse,t_min_e5l,t_max_e5l
10396,0.4466381052259002,2,ire_pc_sse,t_min_e5l,t_max_e5l
10400,0.6895972485461149,2,ire_pc_sse,t_min_e5l,t_max_e5l
10402,0.8142666815829419,2,ire_pc_sse,t_min_e5l,t_max_e5l
10404,0.8260922043075662,365,ire_pc_sse,t_min_e5l,t_max_e5l
10407,0.2307009573748262,2,ire_pc_sse,t_min_e5l,t_max_e5l
10411,-1.732055564366009,2,ire_pc_sse,t_min_e5l,t_max_e5l
10414,0.7217560389958165,2,ire_pc_sse,t_min_e5l,t_max_e5l
10416,0.7769566400768724,2,ire_pc_sse,t_min_e5l,t_max_e5l
10423,0.6447944821997107,2,ire_pc_sse,t_min_e5l,t_max_e5l
10424,0.5157421530864701,2,ire_pc_sse,t_min_e5l,t_max_e5l
10428,0.8186998587214762,2,ire_pc_sse,t_min_e5l,t_max_e5l
10430,0.8106458438750853,2,ire_pc_sse,t_min_e5l,t_max_e5l
10432,0.6302666830472612,2,ire_pc_sse,t_min_e5l,t_max_e5l
10441,0.7691905669811884,2,ire_pc_sse,t_min_e5l,t_max_e5l
10453,0.7407897675497338,2,ire_pc_sse,t_min_e5l,t_max_e5l
10460,0.8161024322460589,2,ire_pc_sse,t_min_e5l,t_max_e5l
10461,0.7326553021396702,365,ire_pc_sse,t_min_e5l,t_min_e5l
10468,0.7634972339003794,4,ire_pc_sse,t_min_e5l,t_min_e5l
10475,0.7482000337294648,2,ire_pc_sse,t_min_e5l,t_max_e5l
10476,0.7314148673163061,2,ire_pc_sse,t_min_e5l,t_max_e5l
10478,0.6920401764999023,2,ire_pc_sse,t_min_e5l,t_max_e5l
10489,0.7772864894830355,2,ire_pc_sse,t_min_e5l,t_max_e5l
10511,0.7934106030866085,2,ire_pc_sse,t_min_e5l,t_max_e5l
10554,0.6499512177720714,1,ire_pc_sse,t_min_e5l,t_max_e5l
10566,0.7429994767126192,2,ire_pc_sse,t_min_e5l,t_max_e5l
10567,0.7160383784100397,2,ire_pc_sse,t_min_e5l,t_max_e5l
10570,0.4685872340636449,2,ire_pc_sse,t_min_e5l,t_min_e5l
10571,0.3349177245379017,2,ire_pc_sse,t_min_e5l,t_max_e5l
10583,0.6700990257511834,2,ire_pc_sse,t_min_e5l,t_max_e5l
10586,0.7130204647498404,2,ire_pc_sse,t_min_e5l,t_max_e5l
10587,0.8258342130881959,2,ire_pc_sse,t_min_e5l,t_max_e5l
10591,0.7635296050575037,3,ire_pc_sse,t_min_e5l,t_min_e5l
10594,0.6365827386402121,1,ire_pc_sse,t_min_e5l,t_max_e5l
10595,0.7620678101772854,2,ire_pc_sse,t_min_e5l,t_max_e5l
10620,0.8173094321237686,2,ire_pc_sse,t_min_e5l,t_max_e5l
10632,0.7493797389264065,2,ire_pc_sse,t_min_e5l,t_max_e5l
10641,0.7116517396800569,2,ire_pc_sse,t_min_e5l,t_max_e5l
10651,0.7607645932165634,2,ire_pc_sse,t_min_e5l,t_max_e5l
10653,0.6436929193389126,2,ire_pc_sse,t_min_e5l,t_max_e5l
10701,0.5330502174198322,2,ire_pc_sse,t_min_e5l,t_max_e5l
10713,0.5579047667270844,2,ire_pc_sse,t_min_e5l,t_max_e5l
1576,0.7328840862206001,1,ire_pc_sse,t_min_e5l,t_min_e5l
4027,0.7023869637393518,2,ire_pc_sse,t_min_e5l,t_max_e5l
4032,0.7883494300300413,365,ire_pc_sse,t_min_e5l,t_min_e5l
4033,0.8093719347357272,2,ire_pc_sse,t_min_e5l,t_max_e5l
4034,0.6481553047939044,2,ire_pc_sse,t_min_e5l,t_max_e5l
4043,0.2354771971909478,1,ire_pc_sse,t_min_e5l,t_min_e5l
4085,0.3967597390861224,1,ire_pc_sse,t_min_e5l,t_max_e5l
4090,0.6942244581735704,2,ire_pc_sse,t_min_e5l,t_max_e5l
4095,0.6642523172202341,2,ire_pc_sse,t_min_e5l,t_max_e5l
4102,0.776464692028187,2,ire_pc_sse,t_min_e5l,t_max_e5l
4105,0.692912795534409,2,ire_pc_sse,t_min_e5l,t_max_e5l
4141,0.5087722200946303,2,ire_pc_sse,t_min_e5l,t_max_e5l
4145,0.7049702395549057,2,ire_pc_sse,t_min_e5l,t_max_e5l
4148,0.4424390036629197,1,ire_pc_sse,t_min_e5l,t_max_e5l
4158,0.7899114841696547,2,ire_pc_sse,t_min_e5l,t_max_e5l
4159,0.6577481998933776,2,ire_pc_sse,t_min_e5l,t_max_e5l
4160,0.7394775325835279,2,ire_pc_sse,t_min_e5l,t_max_e5l
4173,0.5863178331929244,2,ire_pc_sse,t_min_e5l,t_max_e5l
4175,0.7138188910802263,2,ire_pc_sse,t_min_e5l,t_max_e5l
4179,0.7284338480749127,365,ire_pc_sse,t_min_e5l,t_min_e5l
4238,0.7341282944749892,2,ire_pc_sse,t_min_e5l,t_max_e5l
5055,0.6965932060777782,2,ire_pc_sse,t_min_e5l,t_max_e5l
5063,0.7151649574182297,2,ire_pc_sse,t_min_e5l,t_max_e5l
5072,0.7939321289059575,2,ire_pc_sse,t_min_e5l,t_max_e5l
5074,0.5815145248790388,2,ire_pc_sse,t_min_e5l,t_max_e5l
5085,0.4053725565833792,2,ire_pc_sse,t_min_e5l,t_max_e5l
5092,0.7440013143337328,2,ire_pc_sse,t_min_e5l,t_max_e5l
5094,0.8230118392035027,365,ire_pc_sse,t_min_e5l,t_min_e5l
5105,0.8478015553199792,2,ire_pc_sse,t_min_e5l,t_max_e5l
5122,0.0619747758542102,1,ire_pc_sse,t_min_e5l,t_min_e5l
5132,0.7050703716630735,2,ire_pc_sse,t_min_e5l,t_max_e5l
5135,0.5853755641523827,2,ire_pc_sse,t_min_e5l,t_max_e5l
5148,0.5390197596303948,2,ire_pc_sse,t_min_e5l,t_max_e5l
5151,0.7105699745475107,2,ire_pc_sse,t_min_e5l,t_max_e5l
5160,0.7830424392736095,2,ire_pc_sse,t_min_e5l,t_max_e5l
5166,0.6073475671418606,2,ire_pc_sse,t_min_e5l,t_max_e5l
5171,0.6221225911954624,2,ire_pc_sse,t_min_e5l,t_max_e5l
5208,0.6748054275637767,2,ire_pc_sse,t_min_e5l,t_max_e5l
5211,0.7003116976252675,3,ire_pc_sse,t_min_e5l,t_min_e5l
5250,0.7651500063800762,2,ire_pc_sse,t_min_e5l,t_max_e5l
5254,0.6473243707014702,2,ire_pc_sse,t_min_e5l,t_max_e5l
5262,0.6366916299950451,2,ire_pc_sse,t_min_e5l,t_max_e5l
5277,0.7747226354737,2,ire_pc_sse,t_min_e5l,t_max_e5l
5280,0.7546254200831707,2,ire_pc_sse,t_min_e5l,t_max_e5l
5287,0.7510633570882703,2,ire_pc_sse,t_min_e5l,t_max_e5l
5292,0.7132413039516674,2,ire_pc_sse,t_min_e5l,t_max_e5l
5311,0.8013018609039421,2,ire_pc_sse,t_min_e5l,t_max_e5l
5328,0.6738711943901717,2,ire_pc_sse,t_min_e5l,t_max_e5l
5336,0.6784319756831332,2,ire_pc_sse,t_min_e5l,t_max_e5l
5347,0.8252779381320656,2,ire_pc_sse,t_min_e5l,t_max_e5l
5358,0.725403075815042,365,ire_pc_sse,t_min_e5l,t_max_e5l
5383,0.7524553719745697,2,ire_pc_sse,t_min_e5l,t_max_e5l
5403,0.7473467710993544,2,ire_pc_sse,t_min_e5l,t_max_e5l
5449,0.4528635989359376,2,ire_pc_sse,t_min_e5l,t_max_e5l
5453,0.6900878668030093,2,ire_pc_sse,t_min_e5l,t_max_e5l
5458,0.8110364962651198,2,ire_pc_sse,t_min_e5l,t_max_e5l
5459,0.7552049527936825,2,ire_pc_sse,t_min_e5l,t_max_e5l
5461,0.4994376731274907,1,ire_pc_sse,t_min_e5l,t_min_e5l
5507,0.7416353836977099,1,ire_pc_sse,t_min_e5l,t_max_e5l
5552,0.637794466758092,2,ire_pc_sse,t_min_e5l,t_max_e5l
5555,0.6673165295383023,2,ire_pc_sse,t_min_e5l,t_max_e5l
5580,0.5808992483779398,2,ire_pc_sse,t_min_e5l,t_max_e5l
5583,0.7093807337718185,2,ire_pc_sse,t_min_e5l,t_max_e5l
5589,0.8397828086996861,2,ire_pc_sse,t_min_e5l,t_max_e5l
5597,0.7292635165885477,2,ire_pc_sse,t_min_e5l,t_max_e5l
5600,0.8085799462459367,2,ire_pc_sse,t_min_e5l,t_max_e5l
5635,0.6940786321261774,2,ire_pc_sse,t_min_e5l,t_max_e5l
5642,0.7773820220050063,2,ire_pc_sse,t_min_e5l,t_max_e5l
5652,0.8250227673251469,2,ire_pc_sse,t_min_e5l,t_max_e5l
5662,0.6845739159257955,2,ire_pc_sse,t_min_e5l,t_max_e5l
5733,0.8472263768279942,2,ire_pc_sse,t_min_e5l,t_max_e5l
5736,0.7253656606482313,2,ire_pc_sse,t_min_e5l,t_max_e5l
5746,0.6937967489788126,2,ire_pc_sse,t_min_e5l,t_max_e5l
5758,0.8508133068221216,2,ire_pc_sse,t_min_e5l,t_max_e5l
5759,0.7879783551668424,2,ire_pc_sse,t_min_e5l,t_max_e5l
6076,0.7261535946464771,2,ire_pc_sse,t_min_e5l,t_max_e5l
6077,0.1636495544820152,1,ire_pc_sse,t_min_e5l,t_max_e5l
6089,0.7220527945712362,2,ire_pc_sse,t_min_e5l,t_max_e5l
6134,0.690857185258712,2,ire_pc_sse,t_min_e5l,t_max_e5l
6139,0.76216264945818,2,ire_pc_sse,t_min_e5l,t_max_e5l
6141,0.7187790770569896,2,ire_pc_sse,t_min_e5l,t_max_e5l
6143,0.7388230850633197,2,ire_pc_sse,t_min_e5l,t_max_e5l
6256,0.663275308387127,2,ire_pc_sse,t_min_e5l,t_max_e5l
6259,0.784117642171448,2,ire_pc_sse,t_min_e5l,t_max_e5l
6345,0.7534498283696168,2,ire_pc_sse,t_min_e5l,t_max_e5l
6349,0.729238935909009,2,ire_pc_sse,t_min_e5l,t_max_e5l
6387,0.6979570948353109,2,ire_pc_sse,t_min_e5l,t_max_e5l
6407,0.7473574262190066,2,ire_pc_sse,t_min_e5l,t_max_e5l
6411,0.700727952363444,2,ire_pc_sse,t_min_e5l,t_max_e5l
6414,0.8045182058028076,2,ire_pc_sse,t_min_e5l,t_max_e5l
6424,0.7861589707320389,1,ire_pc_sse,t_min_e5l,t_max_e5l
6443,-0.0122963260001289,1,ire_pc_sse,t_min_e5l,t_min_e5l
6491,0.7173236231406395,2,ire_pc_sse,t_min_e5l,t_max_e5l
6506,0.6045951522467086,2,ire_pc_sse,t_min_e5l,t_max_e5l
6549,0.7315848138110741,2,ire_pc_sse,t_min_e5l,t_max_e5l
6562,0.7654634729476182,2,ire_pc_sse,t_min_e5l,t_max_e5l
19039,0.7407274341907963,2,ire_pc_sse,t_min_e5l,t_max_e5l
19049,0.6752424622552502,2,ire_pc_sse,t_min_e5l,t_max_e5l
19050,0.8397344385826011,2,ire_pc_sse,t_min_e5l,t_max_e5l
19092,0.7702997902738264,2,ire_pc_sse,t_min_e5l,t_max_e5l
19108,0.5666683426124807,2,ire_pc_sse,t_min_e5l,t_max_e5l
19118,0.7736074677178538,2,ire_pc_sse,t_min_e5l,t_max_e5l
19122,0.8132430752230428,2,ire_pc_sse,t_min_e5l,t_max_e5l
19123,0.7988628839386216,3,ire_pc_sse,t_min_e5l,t_max_e5l
19127,0.4528621247376414,2,ire_pc_sse,t_min_e5l,t_max_e5l
19128,0.5755748423908897,2,ire_pc_sse,t_min_e5l,t_max_e5l
19153,0.6439354825425403,2,ire_pc_sse,t_min_e5l,t_max_e5l
19154,0.8028550915162849,2,ire_pc_sse,t_min_e5l,t_max_e5l
19158,0.5002834301348013,2,ire_pc_sse,t_min_e5l,t_max_e5l
19159,0.7483406541231155,2,ire_pc_sse,t_min_e5l,t_max_e5l
19170,0.8400262442811804,1,ire_pc_sse,t_min_e5l,t_max_e5l
19172,0.7954228702825263,2,ire_pc_sse,t_min_e5l,t_max_e5l
19183,0.6553322606161736,2,ire_pc_sse,t_min_e5l,t_min_e5l
19185,0.7834937974776798,2,ire_pc_sse,t_min_e5l,t_max_e5l
19197,0.7381714418989269,2,ire_pc_sse,t_min_e5l,t_max_e5l
19313,0.5805085395047458,2,ire_pc_sse,t_min_e5l,t_max_e5l
19382,0.7802156308166046,2,ire_pc_sse,t_min_e5l,t_max_e5l
77166,0.3100366585959833,1,ire_pc_sse,t_min_e5l,t_min_e5l
77179,0.759591522712616,1,ire_pc_sse,t_min_e5l,t_min_e5l
77189,0.6418433701512034,2,ire_pc_sse,t_min_e5l,t_max_e5l
77193,0.5970801022363594,2,ire_pc_sse,t_min_e5l,t_max_e5l
77197,0.7997787851008589,2,ire_pc_sse,t_min_e5l,t_max_e5l
77201,0.6432095621860383,2,ire_pc_sse,t_min_e5l,t_max_e5l
77209,0.7412577338994686,2,ire_pc_sse,t_min_e5l,t_max_e5l
77210,0.8599454204290387,3,ire_pc_sse,t_min_e5l,t_min_e5l
77212,0.6444792107872086,1,ire_pc_sse,t_min_e5l,t_max_e5l
77217,0.8367834076983596,2,ire_pc_sse,t_min_e5l,t_max_e5l
77223,0.7652822446577774,2,ire_pc_sse,t_min_e5l,t_max_e5l
77231,0.791762177038688,2,ire_pc_sse,t_min_e5l,t_max_e5l
77242,0.7281078652822682,2,ire_pc_sse,t_min_e5l,t_max_e5l
77245,0.7633111093995218,2,ire_pc_sse,t_min_e5l,t_max_e5l
77246,0.3254311870287933,2,ire_pc_sse,t_min_e5l,t_max_e5l
77250,0.8287371966712597,2,ire_pc_sse,t_min_e5l,t_max_e5l
77259,0.6855479658364626,2,ire_pc_sse,t_min_e5l,t_max_e5l
77260,0.8063890901332658,2,ire_pc_sse,t_min_e5l,t_max_e5l
77266,0.7787367917124084,2,ire_pc_sse,t_min_e5l,t_max_e5l
77270,0.753153477308905,2,ire_pc_sse,t_min_e5l,t_max_e5l
77285,0.536001062935227,2,ire_pc_sse,t_min_e5l,t_max_e5l
77288,0.0916749413998369,2,ire_pc_sse,t_min_e5l,t_max_e5l
77292,0.7682951300098242,2,ire_pc_sse,t_min_e5l,t_max_e5l
77298,0.3188145362601089,365,ire_pc_sse,t_min_e5l,t_max_e5l
77329,0.7908068134353288,2,ire_pc_sse,t_min_e5l,t_max_e5l
77336,0.5177068465736658,2,ire_pc_sse,t_min_e5l,t_max_e5l
77370,0.4996191066846106,2,ire_pc_sse,t_min_e5l,t_max_e5l
77397,0.6225448271772387,2,ire_pc_sse,t_min_e5l,t_max_e5l
77407,0.606419583102475,1,ire_pc_sse,t_min_e5l,t_max_e5l
77409,0.8295299029609265,2,ire_pc_sse,t_min_e5l,t_max_e5l
79006,0.5086560165133767,2,ire_pc_sse,t_min_e5l,t_max_e5l
79011,0.7153771979217199,2,ire_pc_sse,t_min_e5l,t_max_e5l
79051,0.718006242145651,2,ire_pc_sse,t_min_e5l,t_max_e5l
79244,0.6925249855613083,2,ire_pc_sse,t_min_e5l,t_max_e5l
79261,0.4477171583837789,2,ire_pc_sse,t_min_e5l,t_max_e5l
79324,0.715804235990595,1,ire_pc_sse,t_min_e5l,t_min_e5l
79335,0.7574256480462987,2,ire_pc_sse,t_min_e5l,t_max_e5l
80113,0.7121422770384824,2,ire_pc_sse,t_min_e5l,t_max_e5l
80118,0.7632689159778034,2,ire_pc_sse,t_min_e5l,t_max_e5l
80148,0.72442233206495,2,ire_pc_sse,t_min_e5l,t_max_e5l
80157,0.4414063236018674,2,ire_pc_sse,t_min_e5l,t_max_e5l
80160,0.810387017542927,365,ire_pc_sse,t_min_e5l,t_max_e5l
80165,0.876188003422263,1,ire_pc_sse,t_min_e5l,t_max_e5l
80172,0.806524192969309,2,ire_pc_sse,t_min_e5l,t_max_e5l
80196,0.7510930934983284,2,ire_pc_sse,t_min_e5l,t_max_e5l
80197,0.7102472606653041,2,ire_pc_sse,t_min_e5l,t_max_e5l
80198,0.4031004847480938,2,ire_pc_sse,t_min_e5l,t_max_e5l
80204,0.7202734271697413,2,ire_pc_sse,t_min_e5l,t_max_e5l
80220,0.7469609291069563,2,ire_pc_sse,t_min_e5l,t_max_e5l
80222,0.660888330368087,2,ire_pc_sse,t_min_e5l,t_max_e5l
80224,0.8024167100396439,2,ire_pc_sse,t_min_e5l,t_max_e5l
80230,0.7251486322320727,2,ire_pc_sse,t_min_e5l,t_max_e5l
80236,0.6692261970502922,2,ire_pc_sse,t_min_e5l,t_max_e5l
80405,0.7748377883876038,2,ire_pc_sse,t_min_e5l,t_max_e5l
80424,0.6094472586243163,2,ire_pc_sse,t_min_e5l,t_max_e5l
80442,0.7283828616363242,2,ire_pc_sse,t_min_e5l,t_max_e5l
80592,0.6939791456689146,2,ire_pc_sse,t_min_e5l,t_max_e5l
7003,0.7252082039423551,2,ire_pc_sse,t_min_e5l,t_max_e5l
7004,0.5080018770461963,365,ire_pc_sse,t_min_e5l,t_min_e5l
7009,0.7046639428291773,2,ire_pc_sse,t_min_e5l,t_max_e5l
7011,0.7555763624519471,2,ire_pc_sse,t_min_e5l,t_max_e5l
7012,0.7015147042009793,2,ire_pc_sse,t_min_e5l,t_max_e5l
7015,0.8325504673838007,2,ire_pc_sse,t_min_e5l,t_max_e5l
7016,0.7060510075345345,2,ire_pc_sse,t_min_e5l,t_max_e5l
7022,0.7524175869744917,2,ire_pc_sse,t_min_e5l,t_max_e5l
7024,0.6836630007544431,2,ire_pc_sse,t_min_e5l,t_max_e5l
7029,0.2457048634371396,2,ire_pc_sse,t_min_e5l,t_max_e5l
7031,0.6793201180900355,2,ire_pc_sse,t_min_e5l,t_max_e5l
7034,0.7430173063682255,2,ire_pc_sse,t_min_e5l,t_max_e5l
7036,0.7229518243591306,2,ire_pc_sse,t_min_e5l,t_max_e5l
7039,0.6731810066144994,1,ire_pc_sse,t_min_e5l,t_max_e5l
7056,0.7758885313688024,2,ire_pc_sse,t_min_e5l,t_max_e5l
7060,0.8083161784632023,2,ire_pc_sse,t_min_e5l,t_max_e5l
7066,0.7633254528396315,2,ire_pc_sse,t_min_e5l,t_max_e5l
7072,0.6969872474521168,2,ire_pc_sse,t_min_e5l,t_max_e5l
7076,0.7516040896274712,2,ire_pc_sse,t_min_e5l,t_max_e5l
7080,0.6669862500615111,2,ire_pc_sse,t_min_e5l,t_max_e5l
7087,0.7767190807790205,2,ire_pc_sse,t_min_e5l,t_max_e5l
7099,0.7672209908791108,2,ire_pc_sse,t_min_e5l,t_max_e5l
7130,0.8105171188901031,2,ire_pc_sse,t_min_e5l,t_max_e5l
7142,0.4714212269056783,2,ire_pc_sse,t_min_e5l,t_max_e5l
7148,0.7515510455302827,2,ire_pc_sse,t_min_e5l,t_max_e5l
7152,0.7294950244736645,2,ire_pc_sse,t_min_e5l,t_max_e5l
7156,0.6454206158323827,2,ire_pc_sse,t_min_e5l,t_max_e5l
7161,0.7818639709050358,1,ire_pc_sse,t_min_e5l,t_max_e5l
7167,0.7906654715268299,2,ire_pc_sse,t_min_e5l,t_max_e5l
7168,0.7611276809485776,2,ire_pc_sse,t_min_e5l,t_max_e5l
7172,0.8292835388558941,2,ire_pc_sse,t_min_e5l,t_min_e5l
7174,0.8000714179252774,2,ire_pc_sse,t_min_e5l,t_max_e5l
7185,0.7253526781619508,2,ire_pc_sse,t_min_e5l,t_max_e5l
7187,0.8139944330754475,2,ire_pc_sse,t_min_e5l,t_max_e5l
7200,0.7506111311134079,2,ire_pc_sse,t_min_e5l,t_max_e5l
7202,0.8247371821384162,2,ire_pc_sse,t_min_e5l,t_max_e5l
7203,0.6684258018719326,2,ire_pc_sse,t_min_e5l,t_max_e5l
8095,0.4676701961054569,2,ire_pc_sse,t_min_e5l,t_max_e5l
8097,0.6596324801487687,2,ire_pc_sse,t_min_e5l,t_max_e5l
8150,0.8702448275952863,2,ire_pc_sse,t_min_e5l,t_max_e5l
8161,0.6151589535559592,1,ire_pc_sse,t_min_e5l,t_min_e5l
8162,0.6627638674530771,2,ire_pc_sse,t_min_e5l,t_max_e5l
8172,0.7716643386690359,2,ire_pc_sse,t_min_e5l,t_max_e5l
8188,0.3684885557912604,2,ire_pc_sse,t_min_e5l,t_max_e5l
8230,0.7019718111056787,2,ire_pc_sse,t_min_e5l,t_max_e5l
8233,0.7888413884572802,2,ire_pc_sse,t_min_e5l,t_max_e5l
8241,0.6772110916942582,2,ire_pc_sse,t_min_e5l,t_max_e5l
8249,0.7988409373330642,2,ire_pc_sse,t_min_e5l,t_max_e5l
8251,0.5234016375632489,2,ire_pc_sse,t_min_e5l,t_max_e5l
8254,0.5269072452614221,2,ire_pc_sse,t_min_e5l,t_max_e5l
8288,0.7595170882987328,2,ire_pc_sse,t_min_e5l,t_max_e5l
8289,0.6395450342051103,2,ire_pc_sse,t_min_e5l,t_max_e5l
8290,0.851874761343447,2,ire_pc_sse,t_min_e5l,t_min_e5l
8291,0.6434528978523428,2,ire_pc_sse,t_min_e5l,t_max_e5l
8306,0.5892386051394902,2,ire_pc_sse,t_min_e5l,t_max_e5l
8313,0.8088645975449023,2,ire_pc_sse,t_min_e5l,t_max_e5l
8321,0.6668043176707439,2,ire_pc_sse,t_min_e5l,t_max_e5l
8334,0.630207888020463,2,ire_pc_sse,t_min_e5l,t_max_e5l
8339,0.7823303701345747,2,ire_pc_sse,t_min_e5l,t_max_e5l
8347,0.8465960755137198,2,ire_pc_sse,t_min_e5l,t_max_e5l
8356,0.695412853780851,2,ire_pc_sse,t_min_e5l,t_max_e5l
8361,0.6673555688627263,2,ire_pc_sse,t_min_e5l,t_max_e5l
8364,0.6591732626316669,2,ire_pc_sse,t_min_e5l,t_min_e5l
8374,0.8166098194031699,2,ire_pc_sse,t_min_e5l,t_max_e5l
8375,0.7808849485554815,2,ire_pc_sse,t_min_e5l,t_max_e5l
8379,0.6649752304158363,2,ire_pc_sse,t_min_e5l,t_max_e5l
8384,0.8114098087016922,2,ire_pc_sse,t_min_e5l,t_max_e5l
8410,0.7505937777979437,1,ire_pc_sse,t_min_e5l,t_min_e5l
8411,0.8018520255498016,2,ire_pc_sse,t_min_e5l,t_max_e5l
8582,0.5536377270423047,2,ire_pc_sse,t_min_e5l,t_max_e5l
3001,0.7747657673080365,2,ire_pc_sse,t_min_e5l,t_max_e5l
3003,0.4506855870957549,2,ire_pc_sse,t_min_e5l,t_max_e5l
3059,0.7626313799718181,2,ire_pc_sse,t_min_e5l,t_max_e5l
3068,0.663649178374536,1,ire_pc_sse,t_min_e5l,t_max_e5l
3073,0.7453625235201641,2,ire_pc_sse,t_min_e5l,t_max_e5l
3074,0.6843068043018015,2,ire_pc_sse,t_min_e5l,t_max_e5l
3076,0.3311097792187227,3,ire_pc_sse,t_min_e5l,t_min_e5l
3079,0.7022109633695895,1,ire_pc_sse,t_min_e5l,t_min_e5l
3083,0.7554288183576163,2,ire_pc_sse,t_min_e5l,t_max_e5l
3085,0.7219646924219678,2,ire_pc_sse,t_min_e5l,t_max_e5l
3087,0.807906376628505,2,ire_pc_sse,t_min_e5l,t_max_e5l
3135,0.7294867171101771,2,ire_pc_sse,t_min_e5l,t_max_e5l
3136,0.2636538882996084,2,ire_pc_sse,t_min_e5l,t_max_e5l
3147,-20.179423319434303,2,ire_pc_sse,t_min_e5l,t_max_e5l
3150,0.577190283567788,2,ire_pc_sse,t_min_e5l,t_max_e5l
3156,0.8203280441531781,1,ire_pc_sse,t_min_e5l,t_max_e5l
3159,0.5775551631979767,2,ire_pc_sse,t_min_e5l,t_max_e5l
3178,0.7972106981624377,2,ire_pc_sse,t_min_e5l,t_max_e5l
3201,0.7791523965052247,2,ire_pc_sse,t_min_e5l,t_max_e5l
3210,0.5962711226748896,2,ire_pc_sse,t_min_e5l,t_max_e5l
3218,0.7631724560974187,2,ire_pc_sse,t_min_e5l,t_max_e5l
3219,0.5808868039902917,2,ire_pc_sse,t_min_e5l,t_max_e5l
3234,0.7147742629836091,2,ire_pc_sse,t_min_e5l,t_max_e5l
3247,0.6801095438500298,2,ire_pc_sse,t_min_e5l,t_max_e5l
3248,0.8304410299610683,2,ire_pc_sse,t_min_e5l,t_max_e5l
3291,0.7992407440095926,2,ire_pc_sse,t_min_e5l,t_max_e5l
3334,0.597498212830083,3,ire_pc_sse,t_min_e5l,t_min_e5l
3569,0.6647901692584026,2,ire_pc_sse,t_min_e5l,t_max_e5l
3577,0.7529538048633628,2,ire_pc_sse,t_min_e5l,t_max_e5l
3603,0.650107143063603,2,ire_pc_sse,t_min_e5l,t_max_e5l
3637,0.8170530736783882,2,ire_pc_sse,t_min_e5l,t_max_e5l
3669,0.7067921274841948,2,ire_pc_sse,t_min_e5l,t_max_e5l
82026,0.6938296822105203,2,ire_pc_sse,t_min_e5l,t_max_e5l
82039,0.6166923764437073,2,ire_pc_sse,t_min_e5l,t_max_e5l
82060,0.7797640576792364,2,ire_pc_sse,t_min_e5l,t_max_e5l
83174,0.6129674308946087,1,ire_pc_sse,t_min_e5l,t_min_e5l
83262,0.5798960511678726,2,ire_pc_sse,t_min_e5l,t_max_e5l
83266,0.6546502583773404,1,ire_pc_sse,t_min_e5l,t_max_e5l
83288,0.7251816396452204,2,ire_pc_sse,t_min_e5l,t_max_e5l
83314,0.7970052747098125,2,ire_pc_sse,t_min_e5l,t_max_e5l
83318,0.7531887135903987,2,ire_pc_sse,t_min_e5l,t_max_e5l
83340,0.8018648056691852,2,ire_pc_sse,t_min_e5l,t_max_e5l
83348,0.690769389853122,2,ire_pc_sse,t_min_e5l,t_max_e5l
83350,0.5493285125451899,2,ire_pc_sse,t_min_e5l,t_max_e5l
83369,0.6803758249455382,2,ire_pc_sse,t_min_e5l,t_max_e5l
83372,-2.866111656205358,2,ire_pc_sse,t_min_e5l,t_max_e5l
83459,0.7827505948339133,2,ire_pc_sse,t_min_e5l,t_max_e5l
1151,0.7599389185384502,2,ire_pc_sse,t_min_e5l,t_max_e5l
1534,0.7475884848214391,2,ire_pc_sse,t_min_e5l,t_max_e5l
1556,0.6556320558849928,2,ire_pc_sse,t_min_e5l,t_max_e5l
1566,0.7521260844969512,2,ire_pc_sse,t_min_e5l,t_max_e5l
1596,0.6773254344928515,2,ire_pc_sse,t_min_e5l,t_max_e5l
1608,0.5620269958505187,2,ire_pc_sse,t_min_e5l,t_max_e5l
2010,0.3115450564596328,2,ire_pc_sse,t_min_e5l,t_max_e5l
2026,0.448400246867749,2,ire_pc_sse,t_min_e5l,t_max_e5l
2034,0.6538824778359222,2,ire_pc_sse,t_min_e5l,t_max_e5l
2040,0.7410059305765468,2,ire_pc_sse,t_min_e5l,t_max_e5l
2058,0.7720123730884965,2,ire_pc_sse,t_min_e5l,t_max_e5l
2062,0.6557504533735665,2,ire_pc_sse,t_min_e5l,t_max_e5l
2090,0.4560333064533932,365,ire_pc_sse,t_min_e5l,t_min_e5l
2103,0.8132471175410132,2,ire_pc_sse,t_min_e5l,t_max_e5l
2115,0.6281672980815354,2,ire_pc_sse,t_min_e5l,t_max_e5l
2126,0.8098234688669672,2,ire_pc_sse,t_min_e5l,t_max_e5l
2128,0.6659090911937684,2,ire_pc_sse,t_min_e5l,t_max_e5l
2152,0.6144507281093572,2,ire_pc_sse,t_min_e5l,t_max_e5l
2180,0.574519414590144,1,ire_pc_sse,t_min_e5l,t_max_e5l
2193,0.5856595851115614,2,ire_pc_sse,t_min_e5l,t_max_e5l
2198,0.737243884116042,2,ire_pc_sse,t_min_e5l,t_min_e5l
2203,0.5378828163141599,2,ire_pc_sse,t_min_e5l,t_max_e5l
2229,0.6092248057882288,1,ire_pc_sse,t_min_e5l,t_max_e5l
2270,0.8344480732591523,1,ire_pc_sse,t_min_e5l,t_max_e5l
75359,0.491253054971435,2,ire_pc_sse,t_min_e5l,t_max_e5l
75361,0.7929685395971984,2,ire_pc_sse,t_min_e5l,t_max_e5l
75367,0.653271003417931,2,ire_pc_sse,t_min_e5l,t_max_e5l
75382,0.8537327187606412,1,ire_pc_sse,t_min_e5l,t_min_e5l
75388,0.7796211041029004,17,ire_pc_sse,t_min_e5l,t_max_e5l
75389,0.7759818924559014,2,ire_pc_sse,t_min_e5l,t_min_e5l
75394,0.8385633109945271,2,ire_pc_sse,t_min_e5l,t_max_e5l
75402,0.7567098249335278,2,ire_pc_sse,t_min_e5l,t_max_e5l
75427,0.7519396415468301,2,ire_pc_sse,t_min_e5l,t_max_e5l
75453,0.8358974273241544,2,ire_pc_sse,t_min_e5l,t_max_e5l
75463,0.7569425488066553,2,ire_pc_sse,t_min_e5l,t_max_e5l
75491,0.6531777777943621,2,ire_pc_sse,t_min_e5l,t_max_e5l
75497,0.6502096392587366,2,ire_pc_sse,t_min_e5l,t_max_e5l
75503,0.7108564963721615,2,ire_pc_sse,t_min_e5l,t_max_e5l
75518,0.1258597539849568,1,ire_pc_sse,t_min_e5l,t_min_e5l
75520,0.6952395603388957,2,ire_pc_sse,t_min_e5l,t_max_e5l
75540,0.7541970352199301,365,ire_pc_sse,t_min_e5l,t_max_e5l
75543,0.7361247033230279,2,ire_pc_sse,t_min_e5l,t_max_e5l
75547,0.5722838002056954,2,ire_pc_sse,t_min_e5l,t_max_e5l
75552,0.7719612805463665,2,ire_pc_sse,t_min_e5l,t_max_e5l
75553,0.7409930093812236,2,ire_pc_sse,t_min_e5l,t_max_e5l
75561,0.7311926486683318,2,ire_pc_sse,t_min_e5l,t_max_e5l
75573,0.7276623639053806,2,ire_pc_sse,t_min_e5l,t_min_e5l
75576,0.7190843364784885,2,ire_pc_sse,t_min_e5l,t_max_e5l
75740,0.7798252921801304,2,ire_pc_sse,t_min_e5l,t_max_e5l
78004,0.6885701733584411,2,ire_pc_sse,t_min_e5l,t_max_e5l
78050,0.6394497543870468,2,ire_pc_sse,t_min_e5l,t_max_e5l
78053,0.7889142159531896,1,ire_pc_sse,t_min_e5l,t_max_e5l
78054,0.6719228167028966,2,ire_pc_sse,t_min_e5l,t_max_e5l
78055,0.8315077229291856,2,ire_pc_sse,t_min_e5l,t_max_e5l
78078,0.7402922551970068,2,ire_pc_sse,t_min_e5l,t_max_e5l
78087,0.8097762646378063,1,ire_pc_sse,t_min_e5l,t_min_e5l
78092,0.7839115557152969,2,ire_pc_sse,t_min_e5l,t_max_e5l
78111,0.8019152889757679,2,ire_pc_sse,t_min_e5l,t_max_e5l
78130,0.7670954921043025,2,ire_pc_sse,t_min_e5l,t_max_e5l
78132,0.8002777136255042,2,ire_pc_sse,t_min_e5l,t_max_e5l
78138,0.7429918211522648,1,ire_pc_sse,t_min_e5l,t_min_e5l
78141,0.7395864939337715,2,ire_pc_sse,t_min_e5l,t_max_e5l
78142,0.800327335468796,2,ire_pc_sse,t_min_e5l,t_max_e5l
78144,0.740687664613831,2,ire_pc_sse,t_min_e5l,t_max_e5l
78160,0.763335655651973,2,ire_pc_sse,t_min_e5l,t_max_e5l
78165,0.5505724640479159,2,ire_pc_sse,t_min_e5l,t_max_e5l
78191,0.6853793376957149,2,ire_pc_sse,t_min_e5l,t_max_e5l
78196,0.6063350378490904,2,ire_pc_sse,t_min_e5l,t_max_e5l
78205,0.7277463078581236,2,ire_pc_sse,t_min_e5l,t_max_e5l
78231,0.6331561530180447,2,ire_pc_sse,t_min_e5l,t_max_e5l
78252,0.5374289078037138,2,ire_pc_sse,t_min_e5l,t_max_e5l
78275,0.6690733444324848,2,ire_pc_sse,t_min_e5l,t_max_e5l
78277,0.5834730324633945,2,ire_pc_sse,t_min_e5l,t_max_e5l
78345,0.5776969522490933,2,ire_pc_sse,t_min_e5l,t_max_e5l
78391,0.4915580427527025,3,ire_pc_sse,t_min_e5l,t_min_e5l
78393,0.7701280029998863,2,ire_pc_sse,t_min_e5l,t_max_e5l
78394,0.7633565171524266,2,ire_pc_sse,t_min_e5l,t_max_e5l
78404,0.3812002713899047,2,ire_pc_sse,t_min_e5l,t_max_e5l
78410,0.6151968097854001,2,ire_pc_sse,t_min_e5l,t_max_e5l
78502,0.8193293137067117,1,ire_pc_sse,t_min_e5l,t_max_e5l
78503,0.768960260999014,2,ire_pc_sse,t_min_e5l,t_max_e5l
78504,0.6191762320340103,2,ire_pc_sse,t_min_e5l,t_max_e5l
78512,0.6977475762228208,2,ire_pc_sse,t_min_e5l,t_max_e5l
78513,0.7499434501579856,2,ire_pc_sse,t_min_e5l,t_max_e5l
78515,0.8153239657599538,2,ire_pc_sse,t_min_e5l,t_max_e5l
78519,0.6800746325860909,2,ire_pc_sse,t_min_e5l,t_max_e5l
78529,0.6084199832119451,1,ire_pc_sse,t_min_e5l,t_min_e5l
78590,0.6465982129702379,2,ire_pc_sse,t_min_e5l,t_max_e5l
78611,0.6562678051441859,2,ire_pc_sse,t_min_e5l,t_max_e5l
78614,0.8274663605083905,2,ire_pc_sse,t_min_e5l,t_max_e5l
78623,0.4204403318369832,1,ire_pc_sse,t_min_e5l,t_max_e5l
83061,0.2868954703236284,2,ire_pc_sse,t_min_e5l,t_max_e5l
83063,0.815745738372337,365,ire_pc_sse,t_min_e5l,t_max_e5l
84008,0.8251974079526445,2,ire_pc_sse,t_min_e5l,t_max_e5l
84011,-0.1465508771851142,2,ire_pc_sse,t_min_e5l,t_max_e5l
75006,0.7399323030378434,2,ire_pc_sse,t_min_e5l,t_max_e5l
75033,0.7485840862175922,2,ire_pc_sse,t_min_e5l,t_max_e5l
75074,0.6294443478546933,2,ire_pc_sse,t_min_e5l,t_max_e5l
75079,0.8531702169561987,2,ire_pc_sse,t_min_e5l,t_max_e5l
75106,0.8327917992976647,2,ire_pc_sse,t_min_e5l,t_max_e5l
75108,0.7180469376060906,2,ire_pc_sse,t_min_e5l,t_max_e5l
75121,0.7562489841959459,2,ire_pc_sse,t_min_e5l,t_max_e5l
75202,0.6347119435541089,2,ire_pc_sse,t_min_e5l,t_max_e5l
75203,0.7839007374528588,1,ire_pc_sse,t_min_e5l,t_max_e5l
75208,0.669809495112763,2,ire_pc_sse,t_min_e5l,t_max_e5l
75209,0.754338461251904,365,ire_pc_sse,t_min_e5l,t_max_e5l
75210,0.7065073444107491,2,ire_pc_sse,t_min_e5l,t_max_e5l
75217,0.8270715358946135,2,ire_pc_sse,t_min_e5l,t_max_e5l
75219,0.7185254839122031,2,ire_pc_sse,t_min_e5l,t_max_e5l
75225,0.7786953814536364,1,ire_pc_sse,t_min_e5l,t_max_e5l
75227,0.4478771046827314,1,ire_pc_sse,t_min_e5l,t_max_e5l
75235,0.6804639799224688,2,ire_pc_sse,t_min_e5l,t_max_e5l
75236,0.753606955013859,2,ire_pc_sse,t_min_e5l,t_max_e5l
75238,0.8344963302628154,1,ire_pc_sse,t_min_e5l,t_min_e5l
75254,0.7102498350105877,2,ire_pc_sse,t_min_e5l,t_max_e5l
75257,0.8267735050260094,2,ire_pc_sse,t_min_e5l,t_min_e5l
75259,0.6648163868433259,2,ire_pc_sse,t_min_e5l,t_max_e5l
75266,0.7197491671969489,2,ire_pc_sse,t_min_e5l,t_max_e5l
75273,0.7577625574861966,1,ire_pc_sse,t_min_e5l,t_min_e5l
75274,0.7786917289429711,2,ire_pc_sse,t_min_e5l,t_max_e5l
75280,0.706326300961974,2,ire_pc_sse,t_min_e5l,t_max_e5l
75286,0.6627226545318854,2,ire_pc_sse,t_min_e5l,t_max_e5l
75289,0.7405356147665062,2,ire_pc_sse,t_min_e5l,t_max_e5l
75290,0.8458972444085654,2,ire_pc_sse,t_min_e5l,t_max_e5l
75291,0.6483248198467084,2,ire_pc_sse,t_min_e5l,t_max_e5l
75296,0.730740467101291,1,ire_pc_sse,t_min_e5l,t_max_e5l
75297,0.7045017476900106,2,ire_pc_sse,t_min_e5l,t_max_e5l
75299,0.7583892963161988,2,ire_pc_sse,t_min_e5l,t_max_e5l
75300,0.6442787181524459,2,ire_pc_sse,t_min_e5l,t_max_e5l
75301,0.6951591429537651,2,ire_pc_sse,t_min_e5l,t_max_e5l
75303,0.7466967918054969,2,ire_pc_sse,t_min_e5l,t_max_e5l
75607,0.7205521100079102,2,ire_pc_sse,t_min_e5l,t_max_e5l
75608,0.825264655163756,2,ire_pc_sse,t_min_e5l,t_min_e5l
75615,0.5227995933008981,2,ire_pc_sse,t_min_e5l,t_max_e5l
75624,0.638771521617062,2,ire_pc_sse,t_min_e5l,t_max_e5l
75631,0.7110530729873117,2,ire_pc_sse,t_min_e5l,t_max_e5l
75643,0.6836555877881614,2,ire_pc_sse,t_min_e5l,t_max_e5l
75645,0.7381324339805624,2,ire_pc_sse,t_min_e5l,t_max_e5l
75648,0.7118479824042405,2,ire_pc_sse,t_min_e5l,t_max_e5l
75656,0.7183729937296444,2,ire_pc_sse,t_min_e5l,t_max_e5l
75658,0.5640052644517359,2,ire_pc_sse,t_min_e5l,t_max_e5l
75664,0.3833167426243894,2,ire_pc_sse,t_min_e5l,t_max_e5l
75674,0.711022801645212,2,ire_pc_sse,t_min_e5l,t_max_e5l
75676,0.805815914487128,2,ire_pc_sse,t_min_e5l,t_max_e5l
75678,0.6784421991963214,2,ire_pc_sse,t_min_e5l,t_max_e5l
75682,0.6861989000638022,2,ire_pc_sse,t_min_e5l,t_max_e5l
75687,0.7914227646359873,2,ire_pc_sse,t_min_e5l,t_max_e5l
75699,0.6444937948227141,2,ire_pc_sse,t_min_e5l,t_max_e5l
75710,0.6892941239052246,2,ire_pc_sse,t_min_e5l,t_max_e5l
75727,0.1797445059691271,2,ire_pc_sse,t_min_e5l,t_max_e5l
75728,0.8394269112459398,2,ire_pc_sse,t_min_e5l,t_max_e5l
75749,0.8281924523264651,2,ire_pc_sse,t_min_e5l,t_max_e5l
75751,0.5427469423266754,2,ire_pc_sse,t_min_e5l,t_max_e5l
75752,0.5122656253886437,2,ire_pc_sse,t_min_e5l,t_max_e5l
75772,0.7355126988385661,1,ire_pc_sse,t_min_e5l,t_min_e5l
75776,0.7354276107675599,2,ire_pc_sse,t_min_e5l,t_max_e5l
77112,0.5418631286341563,2,ire_pc_sse,t_min_e5l,t_max_e5l
77115,0.8293456527906511,1,ire_pc_sse,t_min_e5l,t_min_e5l
77124,0.6305644444047174,2,ire_pc_sse,t_min_e5l,t_max_e5l
77130,0.8653921817623104,1,ire_pc_sse,t_min_e5l,t_min_e5l
77140,0.6684066452679363,2,ire_pc_sse,t_min_e5l,t_max_e5l
77146,0.7516086923905956,2,ire_pc_sse,t_min_e5l,t_max_e5l
77152,0.6372400172598827,2,ire_pc_sse,t_min_e5l,t_max_e5l
77156,0.7708850931493814,2,ire_pc_sse,t_min_e5l,t_max_e5l
84029,0.4093708780088398,1,ire_pc_sse,t_min_e5l,t_max_e5l
84031,0.4236538719731223,2,ire_pc_sse,t_min_e5l,t_max_e5l
84037,0.4917151242531241,2,ire_pc_sse,t_min_e5l,t_max_e5l
84192,0.6807138418874779,2,ire_pc_sse,t_min_e5l,t_max_e5l
84215,0.6539861816242862,2,ire_pc_sse,t_min_e5l,t_max_e5l
84233,0.8318249126316949,2,ire_pc_sse,t_min_e5l,t_max_e5l
84243,0.7507446234365437,2,ire_pc_sse,t_min_e5l,t_max_e5l
84312,0.8010200408507444,2,ire_pc_sse,t_min_e5l,t_max_e5l
84449,0.8067098248718295,2,ire_pc_sse,t_min_e5l,t_max_e5l
11538,0.8044026875343352,2,ire_pc_sse,t_min_e5l,t_max_e5l
11556,0.821148494912956,2,ire_pc_sse,t_min_e5l,t_max_e5l
11639,0.7599053238383704,2,ire_pc_sse,t_min_e5l,t_max_e5l
48006,0.6388914167731925,2,ire_pc_sse,t_min_e5l,t_max_e5l
48021,0.6117622406370725,2,ire_pc_sse,t_min_e5l,t_max_e5l
48029,0.8326204532080189,365,ire_pc_sse,t_min_e5l,t_max_e5l
48030,0.8089705578256964,2,ire_pc_sse,t_min_e5l,t_max_e5l
48038,0.4769631572553039,1,ire_pc_sse,t_min_e5l,t_min_e5l
48058,0.5790981646848377,2,ire_pc_sse,t_min_e5l,t_max_e5l
48069,0.8825075083018232,2,ire_pc_sse,t_min_e5l,t_max_e5l
48071,0.7696327122419766,2,ire_pc_sse,t_min_e5l,t_max_e5l
48075,0.7985760345442243,2,ire_pc_sse,t_min_e5l,t_max_e5l
48079,0.6447000757517332,2,ire_pc_sse,t_min_e5l,t_max_e5l
48085,0.6904471228088201,365,ire_pc_sse,t_min_e5l,t_max_e5l
48088,-0.2074901007121292,2,ire_pc_sse,t_min_e5l,t_max_e5l
48089,0.739586801154515,2,ire_pc_sse,t_min_e5l,t_max_e5l
48090,0.7343267830460251,2,ire_pc_sse,t_min_e5l,t_max_e5l
48091,0.8268265294025469,3,ire_pc_sse,t_min_e5l,t_min_e5l
48099,0.8106146314638251,2,ire_pc_sse,t_min_e5l,t_max_e5l
48110,0.6093264746235123,1,ire_pc_sse,t_min_e5l,t_min_e5l
48123,0.174357903320427,2,ire_pc_sse,t_min_e5l,t_max_e5l
72007,0.4522235154253881,2,ire_pc_sse,t_min_e5l,t_max_e5l
72008,0.6447249297392295,2,ire_pc_sse,t_min_e5l,t_max_e5l
72043,0.789860394447373,2,ire_pc_sse,t_min_e5l,t_max_e5l
72055,0.7994037721968336,2,ire_pc_sse,t_min_e5l,t_max_e5l
72076,-0.3030243164670749,2,ire_pc_sse,t_min_e5l,t_max_e5l
72083,0.4159149963367033,2,ire_pc_sse,t_min_e5l,t_max_e5l
72096,0.7401720403450656,2,ire_pc_sse,t_min_e5l,t_max_e5l
72098,0.619727895825303,2,ire_pc_sse,t_min_e5l,t_max_e5l
72102,0.7479270180688654,2,ire_pc_sse,t_min_e5l,t_max_e5l
72104,0.7684725080352219,2,ire_pc_sse,t_min_e5l,t_max_e5l
72106,0.7883298713505971,1,ire_pc_sse,t_min_e5l,t_max_e5l
72109,0.7806480232179474,2,ire_pc_sse,t_min_e5l,t_max_e5l
72110,0.8173253506749896,2,ire_pc_sse,t_min_e5l,t_max_e5l
72113,0.5504781617320356,2,ire_pc_sse,t_min_e5l,t_max_e5l
72144,0.7988404443772515,2,ire_pc_sse,t_min_e5l,t_max_e5l
72148,0.7805683222111831,2,ire_pc_sse,t_min_e5l,t_max_e5l
72155,0.8504806968267575,1,ire_pc_sse,t_min_e5l,t_max_e5l
72156,0.7703223665105483,2,ire_pc_sse,t_min_e5l,t_max_e5l
72162,0.6941331143328882,2,ire_pc_sse,t_min_e5l,t_max_e5l
72172,0.83639732071517,2,ire_pc_sse,t_min_e5l,t_max_e5l
72179,0.6109837574478234,2,ire_pc_sse,t_min_e5l,t_max_e5l
72188,0.7560900417707437,2,ire_pc_sse,t_min_e5l,t_max_e5l
72192,0.66004350137267,2,ire_pc_sse,t_min_e5l,t_max_e5l
72269,0.7312083050298539,2,ire_pc_sse,t_min_e5l,t_max_e5l
72281,0.7898379293975913,2,ire_pc_sse,t_min_e5l,t_max_e5l
72285,0.776365083162982,2,ire_pc_sse,t_min_e5l,t_max_e5l
72327,0.3488109858179617,2,ire_pc_sse,t_min_e5l,t_max_e5l
72423,0.6120026889159391,2,ire_pc_sse,t_min_e5l,t_max_e5l
72454,0.6253416700858145,2,ire_pc_sse,t_min_e5l,t_max_e5l
72459,0.7597597389108318,2,ire_pc_sse,t_min_e5l,t_max_e5l
72481,0.5858397588301325,3,ire_pc_sse,t_min_e5l,t_min_e5l
72508,0.6277438376953717,2,ire_pc_sse,t_min_e5l,t_max_e5l
72519,0.6472832656075047,2,ire_pc_sse,t_min_e5l,t_max_e5l
72559,0.6118824796650242,2,ire_pc_sse,t_min_e5l,t_max_e5l
72566,0.5608191479950458,2,ire_pc_sse,t_min_e5l,t_max_e5l
72569,0.4850104753373735,2,ire_pc_sse,t_min_e5l,t_max_e5l
72577,0.5731869926601969,1,ire_pc_sse,t_min_e5l,t_max_e5l
72585,0.6461976910484171,2,ire_pc_sse,t_min_e5l,t_max_e5l
72588,0.728104584010614,2,ire_pc_sse,t_min_e5l,t_max_e5l
72592,0.7743788908371723,1,ire_pc_sse,t_min_e5l,t_min_e5l
72603,0.5052105806426854,2,ire_pc_sse,t_min_e5l,t_max_e5l
72610,0.7931149832922656,2,ire_pc_sse,t_min_e5l,t_max_e5l
72623,0.5574899329439451,2,ire_pc_sse,t_min_e5l,t_max_e5l
72625,0.6847647478503824,2,ire_pc_sse,t_min_e5l,t_max_e5l
72649,0.6746906224145525,2,ire_pc_sse,t_min_e5l,t_max_e5l
72654,0.8186776103393952,2,ire_pc_sse,t_min_e5l,t_max_e5l
72660,0.7839508310369949,1,ire_pc_sse,t_min_e5l,t_max_e5l
72661,0.7548438780073805,1,ire_pc_sse,t_min_e5l,t_min_e5l
72668,0.6576266070443335,2,ire_pc_sse,t_min_e5l,t_max_e5l
72682,0.7629851486124806,2,ire_pc_sse,t_min_e5l,t_max_e5l
72696,0.8064659979443295,2,ire_pc_sse,t_min_e5l,t_max_e5l
72716,0.765947090768104,2,ire_pc_sse,t_min_e5l,t_max_e5l
72721,0.8390562845333551,1,ire_pc_sse,t_min_e5l,t_max_e5l
72731,0.7868943365003108,2,ire_pc_sse,t_min_e5l,t_max_e5l
72738,0.4307845976339012,2,ire_pc_sse,t_min_e5l,t_max_e5l
72739,0.5152774323978058,2,ire_pc_sse,t_min_e5l,t_max_e5l
72748,0.5168139025639414,2,ire_pc_sse,t_min_e5l,t_min_e5l
72752,0.7161696221504236,2,ire_pc_sse,t_min_e5l,t_max_e5l
72753,0.6701946259280473,2,ire_pc_sse,t_min_e5l,t_max_e5l
72760,0.7103377274902924,2,ire_pc_sse,t_min_e5l,t_max_e5l
72761,0.7240542522337474,2,ire_pc_sse,t_min_e5l,t_max_e5l
73110,0.8339034481084145,1,ire_pc_sse,t_min_e5l,t_max_e5l
74438,0.7138629732722921,2,ire_pc_sse,t_min_e5l,t_max_e5l
7020,0.7842393346028805,2,ire_pc_sse,t_min_e5l,t_max_e5l
48002,0.7817368934161116,2,ire_pc_sse,t_min_e5l,t_max_e5l
72064,0.7392953655334702,2,ire_pc_sse,t_min_e5l,t_max_e5l
4116,0.7119722946659004,2,ire_pc_sse,t_min_e5l,t_max_e5l
4181,0.7866407571459333,2,ire_pc_sse,t_min_e5l,t_max_e5l
71277,0.8542051667795615,2,ire_pc_sse,t_min_e5l,t_max_e5l
4107,0.2817725352848806,1,ire_pc_sse,t_min_e5l,t_max_e5l
82046,0.5278099400216182,2,ire_pc_sse,t_min_e5l,t_max_e5l
7180,0.7998392801649865,2,ire_pc_sse,t_min_e5l,t_max_e5l
71268,0.5122144466570995,2,ire_pc_sse,t_min_e5l,t_max_e5l
49054,0.7849699828307766,2,ire_pc_sse,t_min_e5l,t_max_e5l
2027,0.3061434727061546,1,ire_pc_sse,t_min_e5l,t_min_e5l
72191,0.7994760125305511,2,ire_pc_sse,t_min_e5l,t_max_e5l
5664,0.6342918657375758,2,ire_pc_sse,t_min_e5l,t_max_e5l
49053,0.8294396270536651,2,ire_pc_sse,t_min_e5l,t_max_e5l
2107,0.4292150228595905,2,ire_pc_sse,t_min_e5l,t_max_e5l
2106,0.5611721051889766,2,ire_pc_sse,t_min_e5l,t_max_e5l
7176,0.7350819014378829,2,ire_pc_sse,t_min_e5l,t_max_e5l
