gauge,NSE,day,static,encoder,decoder
10620,0.6775622713094545,365,for_pc_sse,q_mm_day,t_max_e5l
8306,0.5631559710769478,1,cly_pc_sav,q_mm_day,t_max_e5l
78614,-1.7880934704302205,2,cly_pc_sav,q_mm_day,prcp_e5l
5287,0.8411774376343637,187,snd_pc_sav,q_mm_day,prcp_e5l
2198,0.9495505732374104,365,rev_mc_usu,q_mm_day,t_max_e5l
10566,0.8440230941340096,62,for_pc_sse,t_min_e5l,t_min_e5l
77112,0.28464265971380664,1,slp_dg_sav,q_mm_day,t_max_e5l
76646,0.546179001630021,1,urb_pc_sse,q_mm_day,t_max_e5l
78275,0.7849613416055475,1,slt_pc_sav,prcp_e5l,t_max_e5l
75033,0.20174836100387616,274,gwt_cm_sav,q_mm_day,t_min_e5l
71199,0.916296601448584,154,sgr_dk_sav,q_mm_day,t_min_e5l
75236,0.24119507969555687,4,lka_pc_use,q_mm_day,t_min_e5l
11637,0.917782963064808,362,inu_pc_ult,prcp_e5l,t_min_e5l
76489,0.6990634163427367,30,for_pc_sse,q_mm_day,t_min_e5l
70175,0.551717622955781,351,prm_pc_sse,t_min_e5l,t_max_e5l
8379,0.7728548349792104,1,lkv_mc_usu,t_max_e5l,t_min_e5l
70242,0.6929737002357127,1,rev_mc_usu,q_mm_day,t_max_e5l
82060,0.8394670488005969,1,sgr_dk_sav,q_mm_day,t_min_e5l
7029,0.6104039727561927,8,cly_pc_sav,q_mm_day,t_max_e5l
78004,0.1449136502062469,1,kar_pc_sse,prcp_e5l,t_min_e5l
76324,0.0019633619871495256,190,lkv_mc_usu,prcp_e5l,t_min_e5l
12115,0.696775502017488,235,pst_pc_sse,prcp_e5l,t_min_e5l
2128,0.8601658483501856,15,sgr_dk_sav,q_mm_day,t_min_e5l
7022,0.8132542202331192,181,inu_pc_ult,t_max_e5l,t_max_e5l
75520,0.7554119322318094,2,slt_pc_sav,q_mm_day,prcp_e5l
72623,0.6137799268639039,2,inu_pc_ult,prcp_e5l,t_min_e5l
72007,0.8887616521895353,1,slp_dg_sav,t_min_e5l,t_max_e5l
76317,0.7068772846210614,365,ele_mt_sav,q_mm_day,t_min_e5l
10202,0.652822490843279,185,for_pc_sse,t_min_e5l,t_max_e5l
4105,0.7126789879339281,161,ws_area,q_mm_day,t_min_e5l
9370,0.7314991704846332,282,ire_pc_sse,q_mm_day,prcp_e5l
5055,0.7832524273100913,362,pst_pc_sse,prcp_e5l,t_max_e5l
77156,0.5286539374665515,8,sgr_dk_sav,prcp_e5l,prcp_e5l
76466,0.6918860666061454,289,urb_pc_sse,q_mm_day,t_max_e5l
7039,0.8809964522470995,230,ele_mt_sav,q_mm_day,t_max_e5l
78512,0.6467228153138785,2,lkv_mc_usu,q_mm_day,prcp_e5l
2026,0.9448686808480402,1,kar_pc_sse,q_mm_day,t_min_e5l
70617,0.5116415988212071,4,kar_pc_sse,q_mm_day,t_min_e5l
7174,0.6406260245827566,271,kar_pc_sse,q_mm_day,prcp_e5l
3068,0.6309996100444113,200,gwt_cm_sav,q_mm_day,prcp_e5l
8230,0.5753330060995772,1,cly_pc_sav,t_min_e5l,t_min_e5l
19153,0.8216261321746263,1,prm_pc_sse,q_mm_day,t_min_e5l
8162,0.826046170591472,334,rev_mc_usu,prcp_e5l,prcp_e5l
77217,0.23404292284204864,212,snd_pc_sav,q_mm_day,t_max_e5l
72588,0.8557513489669171,1,ire_pc_sse,q_mm_day,prcp_e5l
83348,0.7565953123920948,1,ire_pc_sse,prcp_e5l,prcp_e5l
11379,0.8947211522102579,1,crp_pc_sse,q_mm_day,t_max_e5l
10120,0.848442911865855,140,slp_dg_sav,t_min_e5l,t_max_e5l
77298,0.4538193896848338,99,prm_pc_sse,q_mm_day,t_min_e5l
78055,0.442424694137442,1,cly_pc_sav,q_mm_day,t_min_e5l
72113,0.9310245778223083,1,lkv_mc_usu,q_mm_day,prcp_e5l
5555,0.7154326815538685,2,for_pc_sse,t_max_e5l,prcp_e5l
7202,0.7973929335805829,215,snd_pc_sav,t_min_e5l,t_min_e5l
72043,0.6859216979034382,198,slp_dg_sav,q_mm_day,t_min_e5l
75674,0.863750429779847,365,lkv_mc_usu,q_mm_day,t_min_e5l
12651,0.767258954203928,365,rev_mc_usu,q_mm_day,t_min_e5l
12383,0.6553627434270546,93,crp_pc_sse,prcp_e5l,prcp_e5l
70331,0.5549863238339724,19,lkv_mc_usu,t_max_e5l,t_max_e5l
49110,0.9673650141093088,98,ire_pc_sse,q_mm_day,t_min_e5l
79335,0.2491477277639932,1,urb_pc_sse,t_min_e5l,t_min_e5l
49149,0.9722866202024039,1,sgr_dk_sav,t_min_e5l,prcp_e5l
10583,0.8941128484593973,1,ele_mt_sav,q_mm_day,t_min_e5l
78205,-2.647293883193413,176,lkv_mc_usu,t_max_e5l,t_min_e5l
80424,0.8127684133089482,18,for_pc_sse,q_mm_day,t_max_e5l
11368,0.7921407009837289,118,ele_mt_sav,prcp_e5l,t_max_e5l
1596,0.8170010613865658,1,ire_pc_sse,q_mm_day,t_min_e5l
9191,0.7297694942577031,365,urb_pc_sse,q_mm_day,t_min_e5l
2126,0.9408902310752608,1,prm_pc_sse,q_mm_day,t_max_e5l
75235,0.5390193681684601,157,lkv_mc_usu,t_max_e5l,t_min_e5l
11334,0.8920270588846639,2,inu_pc_ult,q_mm_day,t_min_e5l
75367,0.1344007493376873,4,gwt_cm_sav,q_mm_day,t_min_e5l
49047,0.9519801580923667,1,ele_mt_sav,q_mm_day,prcp_e5l
2115,0.9196200325358727,1,ele_mt_sav,q_mm_day,t_max_e5l
2193,0.9281123834617694,189,rev_mc_usu,prcp_e5l,t_min_e5l
9282,0.7372035301344306,173,rev_mc_usu,prcp_e5l,t_min_e5l
7012,0.81604496110701,1,snd_pc_sav,q_mm_day,prcp_e5l
80230,0.5640407450394078,1,ire_pc_sse,q_mm_day,t_min_e5l
76653,0.6082899336426022,169,ws_area,q_mm_day,t_min_e5l
78196,0.004806873882040152,45,kar_pc_sse,q_mm_day,t_min_e5l
10266,0.7735426682366477,300,for_pc_sse,q_mm_day,prcp_e5l
9207,0.8603228987577475,19,rev_mc_usu,q_mm_day,prcp_e5l
7099,0.8257586679608774,5,lkv_mc_usu,q_mm_day,t_max_e5l
6506,0.8052353807760302,363,urb_pc_sse,prcp_e5l,t_min_e5l
6089,0.803356423847835,35,ele_mt_sav,q_mm_day,t_min_e5l
7152,0.916763586923766,1,ele_mt_sav,q_mm_day,t_min_e5l
9547,0.3947406045015188,4,ire_pc_sse,q_mm_day,t_min_e5l
8288,0.833768184345107,1,prm_pc_sse,q_mm_day,prcp_e5l
2010,0.9768362621121265,2,slp_dg_sav,q_mm_day,t_min_e5l
76673,0.725669599547013,39,lkv_mc_usu,q_mm_day,t_min_e5l
6407,0.5044566942640167,365,ire_pc_sse,q_mm_day,t_max_e5l
71277,0.7156921725144015,1,inu_pc_ult,t_min_e5l,prcp_e5l
70583,0.6469086118332736,174,ws_area,prcp_e5l,t_min_e5l
84399,0.38602481205145467,5,snd_pc_sav,q_mm_day,t_min_e5l
11370,0.6720212864996244,137,inu_pc_ult,prcp_e5l,t_min_e5l
11487,0.7097577104394566,1,ws_area,q_mm_day,prcp_e5l
75297,0.21837402184724253,205,urb_pc_sse,t_max_e5l,t_min_e5l
10701,0.5700630901966902,133,gwt_cm_sav,prcp_e5l,prcp_e5l
9216,0.9069331502056092,1,sgr_dk_sav,t_min_e5l,t_max_e5l
5453,0.821486812260532,1,kar_pc_sse,q_mm_day,prcp_e5l
76099,0.6713070633158222,1,slt_pc_sav,q_mm_day,t_min_e5l
83350,0.7712926272820347,160,for_pc_sse,t_max_e5l,prcp_e5l
5250,0.9109454575246423,1,ele_mt_sav,q_mm_day,prcp_e5l
7020,0.9633311517997233,154,slp_dg_sav,q_mm_day,t_min_e5l
3003,0.8805384148220482,181,gwt_cm_sav,t_min_e5l,t_min_e5l
77250,0.7270073390127554,305,ele_mt_sav,prcp_e5l,prcp_e5l
2106,0.8385801749342253,202,sgr_dk_sav,q_mm_day,t_min_e5l
6424,0.9120957592915782,365,inu_pc_ult,q_mm_day,t_min_e5l
3073,0.7517476728108999,365,ele_mt_sav,q_mm_day,t_max_e5l
5736,0.21633401605947244,281,lka_pc_use,t_max_e5l,t_min_e5l
77397,0.4544092274840392,359,slp_dg_sav,q_mm_day,prcp_e5l
76417,0.7628828936128079,224,pst_pc_sse,q_mm_day,t_min_e5l
5311,0.8572134022005556,169,lkv_mc_usu,t_max_e5l,t_min_e5l
5292,0.785628510814079,1,pst_pc_sse,q_mm_day,t_max_e5l
70589,0.4816585062198514,4,lkv_mc_usu,q_mm_day,t_max_e5l
70566,0.6887274422269549,7,for_pc_sse,q_mm_day,t_max_e5l
6345,0.2674329659715282,365,ele_mt_sav,prcp_e5l,t_max_e5l
77146,0.3845207117918562,1,lka_pc_use,q_mm_day,prcp_e5l
10198,0.528874093455328,277,lka_pc_use,prcp_e5l,prcp_e5l
80405,0.8622438196741853,93,snd_pc_sav,t_max_e5l,t_max_e5l
3234,0.5962872845957525,1,ele_mt_sav,q_mm_day,prcp_e5l
8410,0.7719268148459487,193,ire_pc_sse,q_mm_day,t_max_e5l
6443,0.8014498893815524,176,lka_pc_use,t_max_e5l,t_min_e5l
7076,0.9611807217961768,132,sgr_dk_sav,q_mm_day,t_min_e5l
77329,0.8510831472090051,2,lkv_mc_usu,q_mm_day,t_min_e5l
10394,0.75455563278235,107,pst_pc_sse,prcp_e5l,t_min_e5l
10416,0.6935503182322882,194,for_pc_sse,q_mm_day,t_max_e5l
10240,0.7641119058239513,1,ele_mt_sav,q_mm_day,t_min_e5l
75491,0.701350342157401,179,ele_mt_sav,q_mm_day,t_min_e5l
76159,0.4890736382236561,5,inu_pc_ult,t_max_e5l,t_max_e5l
10221,0.7235501699831351,142,urb_pc_sse,q_mm_day,t_min_e5l
4027,0.7678628284225513,173,rev_mc_usu,prcp_e5l,t_min_e5l
77336,-10.79394144848928,192,crp_pc_sse,t_max_e5l,t_min_e5l
8254,0.9254547398101064,1,crp_pc_sse,q_mm_day,t_max_e5l
5072,0.660503398996644,189,for_pc_sse,t_max_e5l,t_max_e5l
72481,0.12762140524726673,222,sgr_dk_sav,q_mm_day,t_max_e5l
6411,0.5847837848424903,98,urb_pc_sse,prcp_e5l,t_min_e5l
70522,0.9159394073178945,351,kar_pc_sse,q_mm_day,t_min_e5l
8095,0.771512706494122,6,ele_mt_sav,q_mm_day,t_max_e5l
75290,0.24212028607316283,189,crp_pc_sse,t_min_e5l,t_max_e5l
76661,0.5680968802355895,1,ire_pc_sse,t_min_e5l,t_min_e5l
83174,0.8248457747619939,1,ws_area,prcp_e5l,prcp_e5l
10075,0.8845033267254255,1,for_pc_sse,prcp_e5l,t_min_e5l
7172,0.6866332381213656,166,slt_pc_sav,t_max_e5l,t_min_e5l
72566,0.7362713572134008,7,lka_pc_use,q_mm_day,t_max_e5l
70597,0.8523449231301344,98,for_pc_sse,prcp_e5l,prcp_e5l
10554,0.6639930063371817,3,prm_pc_sse,t_max_e5l,prcp_e5l
75254,0.8363622894112258,102,slt_pc_sav,q_mm_day,prcp_e5l
83063,0.9429592180849703,1,pst_pc_sse,q_mm_day,t_max_e5l
5074,0.7811992301619034,14,crp_pc_sse,q_mm_day,t_min_e5l
3074,0.8492241930752169,42,sgr_dk_sav,q_mm_day,prcp_e5l
72577,0.9240525001491585,1,rev_mc_usu,q_mm_day,prcp_e5l
9329,0.6886084259931904,10,lkv_mc_usu,q_mm_day,prcp_e5l
75631,-0.9478538115971227,1,slt_pc_sav,q_mm_day,t_max_e5l
48090,0.7502759204842633,10,snd_pc_sav,t_max_e5l,t_min_e5l
83369,0.5497736042484405,365,ws_area,q_mm_day,t_max_e5l
19154,0.8069312666212058,1,sgr_dk_sav,q_mm_day,t_max_e5l
75463,0.41836032740061424,1,for_pc_sse,q_mm_day,t_max_e5l
78393,0.946520849616479,365,sgr_dk_sav,t_max_e5l,t_max_e5l
8374,0.7491409359811148,146,kar_pc_sse,q_mm_day,prcp_e5l
76165,0.8195802801419994,1,lkv_mc_usu,q_mm_day,t_min_e5l
3083,0.8863566525842786,8,ws_area,q_mm_day,t_max_e5l
5507,0.6256194505146995,365,kar_pc_sse,q_mm_day,t_min_e5l
9166,0.8665888953882364,1,slp_dg_sav,q_mm_day,prcp_e5l
8347,0.5759388092554865,1,ele_mt_sav,t_max_e5l,t_max_e5l
76275,0.7966697467613439,358,gwt_cm_sav,prcp_e5l,t_min_e5l
76499,-0.5533627632386611,151,ws_area,t_max_e5l,t_min_e5l
8188,0.7721658747520883,192,sgr_dk_sav,t_max_e5l,t_min_e5l
83340,0.8139785657837821,6,rev_mc_usu,q_mm_day,t_max_e5l
72162,0.6814982907176172,1,urb_pc_sse,q_mm_day,prcp_e5l
5254,0.8538802494209773,365,snd_pc_sav,t_max_e5l,t_min_e5l
5580,0.38040135552535925,361,for_pc_sse,prcp_e5l,t_max_e5l
10475,0.9338854268513511,365,ws_area,t_min_e5l,t_min_e5l
10453,0.8841957644006051,1,sgr_dk_sav,q_mm_day,prcp_e5l
77407,-1.6239611662230726,168,gwt_cm_sav,t_max_e5l,t_max_e5l
10110,0.7772790045829695,164,kar_pc_sse,q_mm_day,t_min_e5l
49054,0.960170154402969,1,prm_pc_sse,q_mm_day,t_min_e5l
75615,0.025464095175516954,1,pst_pc_sse,t_min_e5l,t_max_e5l
78144,0.7398841633382494,259,slt_pc_sav,q_mm_day,t_max_e5l
4102,0.6244487788973206,1,rev_mc_usu,q_mm_day,t_max_e5l
6076,0.6207357113602564,196,cly_pc_sav,prcp_e5l,prcp_e5l
78345,0.8261843370352268,227,gwt_cm_sav,q_mm_day,prcp_e5l
75427,0.7286581103798984,1,cly_pc_sav,q_mm_day,t_min_e5l
11639,0.6353050673807668,153,ire_pc_sse,t_min_e5l,t_min_e5l
4116,0.5726241049402918,365,snd_pc_sav,q_mm_day,prcp_e5l
5148,0.4313667458776934,363,sgr_dk_sav,q_mm_day,prcp_e5l
77246,0.3032065207624478,10,ele_mt_sav,q_mm_day,t_max_e5l
80197,0.8445487013310343,141,prm_pc_sse,q_mm_day,t_max_e5l
10223,0.6157749696596061,186,prm_pc_sse,t_max_e5l,t_max_e5l
9417,0.9394251664752225,217,lka_pc_use,q_mm_day,t_max_e5l
4160,0.6162396496378828,199,cly_pc_sav,t_min_e5l,t_min_e5l
71104,0.728975040864194,365,ele_mt_sav,q_mm_day,t_min_e5l
10292,0.7084474310450891,143,ele_mt_sav,q_mm_day,t_min_e5l
76176,0.5601630089438376,1,sgr_dk_sav,t_max_e5l,prcp_e5l
70246,0.8179158819670572,1,sgr_dk_sav,q_mm_day,prcp_e5l
5597,0.4852944314733685,7,inu_pc_ult,prcp_e5l,prcp_e5l
9372,0.898133280492842,57,lkv_mc_usu,q_mm_day,t_min_e5l
9563,0.9296596126628163,1,inu_pc_ult,q_mm_day,t_max_e5l
10571,0.8800556194414374,345,prm_pc_sse,t_max_e5l,t_min_e5l
76461,0.7841027809221315,1,slp_dg_sav,t_max_e5l,t_min_e5l
9217,0.8691687067350262,1,slt_pc_sav,q_mm_day,t_min_e5l
76130,0.7561487384184312,236,kar_pc_sse,prcp_e5l,t_min_e5l
72761,0.6795468171902846,2,sgr_dk_sav,t_min_e5l,t_min_e5l
5211,0.8702798739582844,365,lkv_mc_usu,q_mm_day,prcp_e5l
83314,0.8925624125616279,291,urb_pc_sse,q_mm_day,t_min_e5l
82046,0.5987022395103452,365,ele_mt_sav,prcp_e5l,prcp_e5l
11335,0.8904364097780083,1,crp_pc_sse,q_mm_day,t_min_e5l
76533,0.33524883074925205,2,ire_pc_sse,q_mm_day,t_max_e5l
49052,0.7326886769362999,1,ire_pc_sse,prcp_e5l,t_max_e5l
78141,0.8031337822995782,1,crp_pc_sse,q_mm_day,t_min_e5l
7060,0.8084949891707367,1,lka_pc_use,prcp_e5l,t_max_e5l
75664,0.313918788260934,286,lkv_mc_usu,q_mm_day,prcp_e5l
3156,0.8900611550863395,35,ws_area,q_mm_day,t_max_e5l
10133,0.7382598685097428,1,kar_pc_sse,prcp_e5l,t_min_e5l
76500,-3.9323809440156214,1,snd_pc_sav,q_mm_day,t_max_e5l
7130,0.8163128626745191,150,crp_pc_sse,t_max_e5l,t_min_e5l
1534,0.7906004715816386,205,crp_pc_sse,q_mm_day,t_max_e5l
76701,0.7869370648806958,365,slt_pc_sav,prcp_e5l,t_max_e5l
72661,0.8801877661643147,13,ele_mt_sav,t_max_e5l,t_max_e5l
10073,0.9263710962129142,362,lka_pc_use,t_min_e5l,t_min_e5l
70382,0.8502605011065276,181,lka_pc_use,t_max_e5l,t_min_e5l
70212,0.6750491174922797,159,lka_pc_use,t_min_e5l,t_max_e5l
78092,-0.2858803346646983,365,ele_mt_sav,q_mm_day,prcp_e5l
7066,0.690133127150834,212,gwt_cm_sav,q_mm_day,t_max_e5l
2027,0.9021480134023838,193,slt_pc_sav,t_max_e5l,t_max_e5l
78504,0.544793633487749,1,rev_mc_usu,prcp_e5l,prcp_e5l
10059,0.48403801854956785,364,pst_pc_sse,prcp_e5l,t_max_e5l
19159,0.8772772826782483,134,urb_pc_sse,q_mm_day,t_min_e5l
11620,0.7156596124683029,1,kar_pc_sse,t_max_e5l,t_max_e5l
8375,0.852325409703932,1,ire_pc_sse,t_max_e5l,t_min_e5l
19049,0.6916970562272411,164,pst_pc_sse,prcp_e5l,prcp_e5l
11357,0.7773478114328167,17,slp_dg_sav,t_min_e5l,t_min_e5l
72098,0.8888534400744913,1,ire_pc_sse,q_mm_day,t_max_e5l
78623,0.9395091522270133,364,slt_pc_sav,q_mm_day,prcp_e5l
70118,0.5148171150564799,356,crp_pc_sse,q_mm_day,t_min_e5l
72654,0.9430460753883751,1,pst_pc_sse,t_min_e5l,t_max_e5l
19039,0.7705213661581295,1,slt_pc_sav,q_mm_day,prcp_e5l
78252,0.9042943556244256,1,slt_pc_sav,prcp_e5l,prcp_e5l
10387,0.7964052858752928,1,lkv_mc_usu,q_mm_day,t_min_e5l
10385,0.659334713050495,141,crp_pc_sse,prcp_e5l,t_min_e5l
70614,0.5927066051543142,1,gwt_cm_sav,q_mm_day,prcp_e5l
3087,0.8696880282099957,365,slp_dg_sav,q_mm_day,t_min_e5l
7148,0.9219930639051855,211,pst_pc_sse,q_mm_day,prcp_e5l
70444,0.7746703809986337,176,snd_pc_sav,t_max_e5l,t_min_e5l
4173,0.720954149441442,70,urb_pc_sse,q_mm_day,t_max_e5l
75676,0.5003894431325597,362,for_pc_sse,q_mm_day,t_min_e5l
19128,-0.059353079719840274,342,rev_mc_usu,t_max_e5l,prcp_e5l
4090,0.7621278824465485,365,snd_pc_sav,q_mm_day,t_max_e5l
78404,0.9590763771617604,365,crp_pc_sse,q_mm_day,t_min_e5l
12315,0.8599724285015133,216,lkv_mc_usu,q_mm_day,t_min_e5l
11676,0.8787023993379215,13,ire_pc_sse,q_mm_day,prcp_e5l
3603,0.9003080243616605,149,snd_pc_sav,q_mm_day,t_max_e5l
9169,0.6764614606661193,1,ws_area,t_min_e5l,t_min_e5l
10308,0.7068155886612115,1,ele_mt_sav,q_mm_day,t_max_e5l
78502,0.809494090541913,73,kar_pc_sse,q_mm_day,prcp_e5l
72592,0.01958427760493986,11,sgr_dk_sav,t_min_e5l,t_max_e5l
75687,0.9106112254192698,364,ws_area,q_mm_day,t_min_e5l
72696,0.8773145361525103,1,slp_dg_sav,q_mm_day,t_max_e5l
3076,0.8208036062759563,1,prm_pc_sse,q_mm_day,t_max_e5l
70410,0.8079649410871458,1,ire_pc_sse,t_max_e5l,t_max_e5l
75658,0.07596248495436853,1,lka_pc_use,prcp_e5l,t_min_e5l
77370,0.6082619178711887,365,lkv_mc_usu,q_mm_day,t_min_e5l
9215,0.8364701026524621,117,ele_mt_sav,t_max_e5l,t_max_e5l
80236,0.881522537739315,365,prm_pc_sse,q_mm_day,t_max_e5l
77245,0.5105283328318594,285,lka_pc_use,q_mm_day,t_min_e5l
75608,-0.46226187894884774,1,sgr_dk_sav,t_min_e5l,prcp_e5l
7203,0.959918465736789,3,sgr_dk_sav,q_mm_day,prcp_e5l
71268,0.8403047904371149,201,sgr_dk_sav,q_mm_day,t_max_e5l
75648,0.27699268608227656,314,rev_mc_usu,q_mm_day,t_max_e5l
78111,0.8931996440183139,1,pst_pc_sse,q_mm_day,t_max_e5l
80172,-1.0798154121804364,5,lkv_mc_usu,prcp_e5l,prcp_e5l
5583,0.5375429078925325,2,gwt_cm_sav,q_mm_day,t_max_e5l
4085,0.697544163031169,1,ws_area,q_mm_day,t_min_e5l
10460,0.914910329680731,1,crp_pc_sse,q_mm_day,t_max_e5l
11622,0.9472963776201648,1,gwt_cm_sav,t_min_e5l,t_max_e5l
9264,0.8712552815148604,306,slp_dg_sav,q_mm_day,t_max_e5l
7168,0.5266798476680572,194,cly_pc_sav,t_min_e5l,t_min_e5l
49114,0.8255454505517623,169,kar_pc_sse,q_mm_day,t_max_e5l
71186,0.6531155388929903,1,inu_pc_ult,q_mm_day,prcp_e5l
75273,0.43325146892059596,15,lka_pc_use,prcp_e5l,t_max_e5l
4175,0.7060244927618433,343,rev_mc_usu,t_max_e5l,t_min_e5l
5085,0.8416548662918579,365,sgr_dk_sav,q_mm_day,prcp_e5l
3085,0.9069434871663128,217,sgr_dk_sav,q_mm_day,t_max_e5l
75203,0.614673269507614,46,ws_area,q_mm_day,t_max_e5l
10423,0.8373481900400327,190,crp_pc_sse,prcp_e5l,t_min_e5l
10392,0.6827406794391435,364,gwt_cm_sav,prcp_e5l,t_min_e5l
76454,0.79947290699343,204,slp_dg_sav,t_max_e5l,t_max_e5l
12511,0.9116049380949122,1,slt_pc_sav,q_mm_day,t_min_e5l
10048,0.8803493261342011,364,slt_pc_sav,prcp_e5l,t_max_e5l
75259,0.7488177032267005,1,lkv_mc_usu,q_mm_day,t_min_e5l
11628,0.8247664143452995,151,gwt_cm_sav,q_mm_day,t_max_e5l
1566,0.8278912967606074,1,slp_dg_sav,t_max_e5l,t_max_e5l
83459,0.49191338770700577,2,lka_pc_use,q_mm_day,prcp_e5l
76089,0.7197120353461712,365,lkv_mc_usu,t_min_e5l,t_min_e5l
84192,0.7237103783903607,1,slp_dg_sav,prcp_e5l,prcp_e5l
4179,0.6617484317400681,177,cly_pc_sav,prcp_e5l,t_max_e5l
70217,0.5002561084103939,359,prm_pc_sse,q_mm_day,t_min_e5l
9520,0.8032860803914748,3,snd_pc_sav,q_mm_day,t_min_e5l
9342,0.8589647205212738,1,kar_pc_sse,q_mm_day,t_min_e5l
11351,0.8138665746168637,4,pst_pc_sse,q_mm_day,t_min_e5l
72281,0.7800858344565098,1,cly_pc_sav,q_mm_day,t_max_e5l
4095,0.6448516618803131,226,for_pc_sse,q_mm_day,t_min_e5l
76363,0.8629629326892597,1,prm_pc_sse,q_mm_day,t_max_e5l
75121,-0.05616343181615635,93,urb_pc_sse,t_min_e5l,t_min_e5l
9290,0.6567971084402793,202,ele_mt_sav,prcp_e5l,prcp_e5l
49058,0.9751608381800863,74,ele_mt_sav,q_mm_day,t_max_e5l
72008,0.9657086304186939,236,slp_dg_sav,q_mm_day,t_min_e5l
80160,0.4862997341174734,1,snd_pc_sav,prcp_e5l,t_min_e5l
78191,0.5876763598574279,3,ele_mt_sav,q_mm_day,t_max_e5l
80204,0.5050222596100451,198,ele_mt_sav,q_mm_day,prcp_e5l
48071,0.8850512625058764,1,inu_pc_ult,t_min_e5l,t_min_e5l
8321,0.6641220471172247,340,rev_mc_usu,q_mm_day,t_max_e5l
7031,0.5362553968136575,191,ele_mt_sav,q_mm_day,t_min_e5l
72610,0.9099364037820074,1,rev_mc_usu,q_mm_day,t_max_e5l
10042,0.9423403411244107,4,kar_pc_sse,t_max_e5l,t_max_e5l
3201,0.5957746080287654,43,urb_pc_sse,prcp_e5l,t_min_e5l
70158,0.7289269344582101,7,slt_pc_sav,t_max_e5l,prcp_e5l
72721,0.7822973462877238,95,sgr_dk_sav,q_mm_day,t_max_e5l
48006,0.911604053892668,89,rev_mc_usu,q_mm_day,t_min_e5l
78394,0.9707770301912955,2,for_pc_sse,q_mm_day,t_max_e5l
77189,0.7243841507403637,277,lka_pc_use,q_mm_day,t_max_e5l
10632,0.4305414266385673,1,lkv_mc_usu,q_mm_day,t_max_e5l
5277,0.8141253209688073,1,slp_dg_sav,q_mm_day,prcp_e5l
76690,0.6332920032066337,1,prm_pc_sse,q_mm_day,t_max_e5l
48099,0.7904634785919694,1,ele_mt_sav,q_mm_day,t_min_e5l
10587,0.7275527449472214,152,lkv_mc_usu,prcp_e5l,t_min_e5l
9383,0.694622178199701,1,for_pc_sse,q_mm_day,t_min_e5l
11337,0.9458077034901106,1,pst_pc_sse,q_mm_day,prcp_e5l
75266,0.5236049607899282,1,urb_pc_sse,q_mm_day,t_max_e5l
75394,0.5293605382504485,1,crp_pc_sse,q_mm_day,t_min_e5l
77130,0.33012894870298926,233,lka_pc_use,prcp_e5l,prcp_e5l
75518,0.31174361656479044,61,cly_pc_sav,prcp_e5l,t_min_e5l
10430,0.5734221262559754,1,cly_pc_sav,q_mm_day,prcp_e5l
75209,0.9023978534571203,1,ele_mt_sav,q_mm_day,prcp_e5l
75573,0.30578890943784753,5,kar_pc_sse,t_max_e5l,t_max_e5l
10194,0.18194812835987273,9,urb_pc_sse,q_mm_day,t_max_e5l
10216,0.8639503864005771,1,ire_pc_sse,t_max_e5l,prcp_e5l
48079,0.8841494262178946,31,urb_pc_sse,q_mm_day,prcp_e5l
72144,0.7860366209859867,1,ws_area,q_mm_day,t_max_e5l
8356,0.7120174659874434,3,cly_pc_sav,t_max_e5l,t_min_e5l
9323,0.8430381702971589,1,kar_pc_sse,t_max_e5l,t_max_e5l
8291,0.7021061931897301,139,prm_pc_sse,q_mm_day,t_min_e5l
5135,0.8298536495400434,365,lka_pc_use,q_mm_day,t_max_e5l
6414,0.6868883391284542,89,for_pc_sse,prcp_e5l,prcp_e5l
77292,0.322534625810428,221,ire_pc_sse,q_mm_day,prcp_e5l
12430,0.712139977104329,1,lkv_mc_usu,q_mm_day,t_min_e5l
74438,0.8676980120403356,334,inu_pc_ult,t_max_e5l,t_min_e5l
2058,0.9444071644833723,154,ele_mt_sav,prcp_e5l,prcp_e5l
78165,0.876991244338565,1,for_pc_sse,q_mm_day,t_min_e5l
75453,0.12253022421733983,1,cly_pc_sav,q_mm_day,t_max_e5l
77152,0.18492544752875506,176,lkv_mc_usu,t_min_e5l,t_min_e5l
5328,0.6044530962415556,184,lkv_mc_usu,q_mm_day,t_max_e5l
70378,0.7703581484702384,282,urb_pc_sse,q_mm_day,t_min_e5l
76007,0.8035007151069247,149,ire_pc_sse,prcp_e5l,t_max_e5l
10177,0.7964985752629453,45,slt_pc_sav,t_max_e5l,prcp_e5l
6349,0.5608309935789311,2,kar_pc_sse,prcp_e5l,t_min_e5l
70213,0.7458563673550536,310,ele_mt_sav,q_mm_day,t_min_e5l
19118,0.27794019292788996,269,lkv_mc_usu,q_mm_day,t_min_e5l
72559,0.8837996219175374,355,kar_pc_sse,q_mm_day,t_min_e5l
76423,0.7567187746159606,225,ire_pc_sse,q_mm_day,t_min_e5l
9404,0.8634029141883208,1,crp_pc_sse,q_mm_day,t_max_e5l
9341,0.7714982296372891,165,sgr_dk_sav,q_mm_day,t_max_e5l
3159,0.8452277816110456,96,prm_pc_sse,t_max_e5l,t_max_e5l
84011,0.5597161858265367,3,slt_pc_sav,t_max_e5l,t_max_e5l
76649,0.6909021530047833,330,lkv_mc_usu,t_max_e5l,t_max_e5l
12202,0.8649465562871089,248,slp_dg_sav,q_mm_day,prcp_e5l
9294,0.6964003469987823,107,for_pc_sse,q_mm_day,t_max_e5l
11308,0.8765952793803096,230,ws_area,q_mm_day,t_max_e5l
5132,0.6435688457761926,365,slt_pc_sav,q_mm_day,prcp_e5l
10713,-0.13964196203461898,1,cly_pc_sav,q_mm_day,t_min_e5l
77288,-0.50744898401641,282,lkv_mc_usu,t_min_e5l,t_max_e5l
77179,0.5406751479375063,151,slt_pc_sav,q_mm_day,t_max_e5l
77409,0.6984664366298285,1,ele_mt_sav,q_mm_day,t_max_e5l
78054,0.2613072993744876,363,crp_pc_sse,q_mm_day,t_max_e5l
5358,0.7180173709586102,11,sgr_dk_sav,t_max_e5l,t_max_e5l
78138,0.8480089829231803,1,slp_dg_sav,q_mm_day,t_min_e5l
9343,0.5857983762916006,361,lka_pc_use,q_mm_day,t_max_e5l
8097,0.8688506985431601,1,slt_pc_sav,q_mm_day,t_max_e5l
8361,0.788015139108009,1,sgr_dk_sav,q_mm_day,t_max_e5l
8411,0.7937011527059357,79,slp_dg_sav,q_mm_day,t_min_e5l
5758,0.6723977314161106,3,inu_pc_ult,prcp_e5l,t_max_e5l
76462,0.6826548774895442,139,kar_pc_sse,q_mm_day,t_min_e5l
77231,0.6625722242970145,3,for_pc_sse,t_min_e5l,t_max_e5l
7072,0.8395938842465643,1,ws_area,prcp_e5l,prcp_e5l
48110,0.7438359108039716,3,crp_pc_sse,q_mm_day,t_max_e5l
75359,0.08861815423577746,1,snd_pc_sav,t_min_e5l,t_max_e5l
5336,0.9272571707556639,181,rev_mc_usu,q_mm_day,t_max_e5l
9256,0.8542938609526662,363,cly_pc_sav,t_min_e5l,t_min_e5l
10220,0.6879141195884564,3,for_pc_sse,q_mm_day,prcp_e5l
10369,0.7622724653191942,14,lka_pc_use,q_mm_day,prcp_e5l
11502,0.8380466051197679,198,ele_mt_sav,t_max_e5l,t_min_e5l
5171,0.8740982457756569,150,ire_pc_sse,q_mm_day,t_max_e5l
71086,0.8359047608057457,151,for_pc_sse,q_mm_day,t_min_e5l
72096,0.8898890703664618,1,kar_pc_sse,prcp_e5l,t_max_e5l
19382,0.8161516940352399,230,cly_pc_sav,prcp_e5l,t_max_e5l
10066,0.8694012642803208,4,lkv_mc_usu,q_mm_day,t_min_e5l
75274,0.3886506751968052,12,prm_pc_sse,t_min_e5l,prcp_e5l
83266,0.7278207380427172,3,for_pc_sse,q_mm_day,t_min_e5l
10384,0.7350297136358874,205,gwt_cm_sav,prcp_e5l,t_min_e5l
78391,0.9572989677258679,124,cly_pc_sav,q_mm_day,t_max_e5l
9253,0.9075320787612362,164,cly_pc_sav,prcp_e5l,t_max_e5l
77201,0.06477729421184386,1,snd_pc_sav,t_min_e5l,t_min_e5l
76519,0.864898951115997,1,inu_pc_ult,q_mm_day,t_max_e5l
5461,0.8977428941527843,27,rev_mc_usu,q_mm_day,t_min_e5l
70512,0.6419842884275799,1,slp_dg_sav,q_mm_day,t_max_e5l
11473,0.30525730100657067,215,sgr_dk_sav,t_min_e5l,t_max_e5l
76408,0.7152554285730468,360,ire_pc_sse,t_max_e5l,t_max_e5l
75208,0.6586601195340773,8,slt_pc_sav,q_mm_day,prcp_e5l
3001,0.7995880372251571,1,cly_pc_sav,q_mm_day,t_max_e5l
7015,0.8509467568063683,365,sgr_dk_sav,q_mm_day,t_min_e5l
8251,0.6618334160024049,1,ire_pc_sse,q_mm_day,t_min_e5l
5347,0.971819127980837,1,ws_area,q_mm_day,t_min_e5l
75361,0.19216010186363008,180,cly_pc_sav,q_mm_day,t_min_e5l
5280,0.6583657772707399,1,ire_pc_sse,t_max_e5l,t_max_e5l
72083,0.9840811641781794,99,for_pc_sse,q_mm_day,t_max_e5l
2180,0.5969198172019279,199,snd_pc_sav,q_mm_day,t_min_e5l
10176,0.8483956214053445,55,rev_mc_usu,q_mm_day,t_min_e5l
72668,0.9463260565438935,124,ele_mt_sav,q_mm_day,t_max_e5l
76321,0.7231651704391141,30,snd_pc_sav,q_mm_day,t_min_e5l
80222,0.5945951423323592,171,ire_pc_sse,q_mm_day,t_min_e5l
7176,0.19341737789682512,1,ire_pc_sse,q_mm_day,prcp_e5l
70284,0.785528839817667,48,sgr_dk_sav,q_mm_day,t_max_e5l
10205,0.774592548537118,1,prm_pc_sse,q_mm_day,t_min_e5l
72459,0.10747780418480679,5,gwt_cm_sav,t_max_e5l,t_max_e5l
70147,0.6459380707667425,1,slt_pc_sav,q_mm_day,t_max_e5l
3218,0.818033324045724,37,ws_area,q_mm_day,prcp_e5l
76217,0.5715781891395302,1,slp_dg_sav,q_mm_day,t_min_e5l
72055,0.8577998390270385,1,cly_pc_sav,q_mm_day,t_max_e5l
9385,0.8471331013919114,141,slt_pc_sav,q_mm_day,prcp_e5l
8364,0.7649482910438918,164,for_pc_sse,t_min_e5l,t_max_e5l
12061,0.5801884325657207,105,crp_pc_sse,q_mm_day,prcp_e5l
2090,0.9208460331798018,1,prm_pc_sse,q_mm_day,t_max_e5l
76416,0.5132228238249241,302,ele_mt_sav,q_mm_day,t_max_e5l
80220,0.11363503396681096,1,slt_pc_sav,prcp_e5l,t_min_e5l
84312,0.8918929657106689,2,prm_pc_sse,q_mm_day,t_max_e5l
78529,0.7720936305339487,363,sgr_dk_sav,t_min_e5l,t_min_e5l
9213,0.8988876946980908,1,urb_pc_sse,q_mm_day,t_min_e5l
76318,0.6963309768817939,178,slt_pc_sav,q_mm_day,t_max_e5l
10264,0.8617217434735194,282,crp_pc_sse,q_mm_day,prcp_e5l
9115,0.9190532847457002,4,snd_pc_sav,prcp_e5l,prcp_e5l
10641,0.9012669863958993,1,ele_mt_sav,q_mm_day,t_min_e5l
8313,0.7980373145911142,344,ws_area,q_mm_day,t_min_e5l
78078,-0.2477942053185631,1,snd_pc_sav,t_min_e5l,t_min_e5l
3334,-0.15311463151147975,2,prm_pc_sse,q_mm_day,prcp_e5l
11500,0.7728244640375269,182,for_pc_sse,q_mm_day,t_max_e5l
80157,0.9357453061095711,1,ire_pc_sse,q_mm_day,t_max_e5l
48085,0.6992269293846765,225,ire_pc_sse,t_min_e5l,t_min_e5l
48058,0.9751520867701367,365,ele_mt_sav,q_mm_day,prcp_e5l
79261,0.3650548809375961,3,rev_mc_usu,q_mm_day,prcp_e5l
71146,0.6273213274266314,1,gwt_cm_sav,q_mm_day,t_min_e5l
9333,0.8479130358013716,74,pst_pc_sse,t_min_e5l,t_min_e5l
10594,0.9514044992623432,174,urb_pc_sse,q_mm_day,t_min_e5l
8384,0.6332295475370973,1,lkv_mc_usu,q_mm_day,prcp_e5l
10653,0.73252003410582,1,lka_pc_use,q_mm_day,t_min_e5l
72454,0.6919071121789536,7,ele_mt_sav,t_min_e5l,t_min_e5l
72156,0.1915085847802792,1,ele_mt_sav,t_max_e5l,t_max_e5l
75543,0.8326507060622483,3,cly_pc_sav,q_mm_day,prcp_e5l
3147,0.6293091946911986,1,kar_pc_sse,t_max_e5l,t_max_e5l
10424,0.8555991991562552,122,prm_pc_sse,prcp_e5l,prcp_e5l
7161,0.8063635062061765,1,kar_pc_sse,q_mm_day,prcp_e5l
10428,0.8897892973768514,170,kar_pc_sse,q_mm_day,t_max_e5l
84173,0.4749929121101858,365,for_pc_sse,t_min_e5l,t_max_e5l
76518,0.4648788629896752,103,ws_area,t_max_e5l,t_min_e5l
4158,0.7807700164512654,1,for_pc_sse,prcp_e5l,t_min_e5l
7185,0.7561541611097584,20,slt_pc_sav,q_mm_day,prcp_e5l
10489,0.9012655736666648,65,slp_dg_sav,prcp_e5l,t_min_e5l
8172,0.7181702326465308,103,snd_pc_sav,prcp_e5l,t_max_e5l
9380,0.7041661876129608,156,for_pc_sse,t_max_e5l,t_min_e5l
19197,0.6768410232051585,2,prm_pc_sse,prcp_e5l,prcp_e5l
10211,0.32873726910265777,109,crp_pc_sse,q_mm_day,prcp_e5l
72106,0.9254373871931186,211,sgr_dk_sav,prcp_e5l,prcp_e5l
9164,0.8768087137762659,197,sgr_dk_sav,t_min_e5l,t_max_e5l
48021,0.9851909974783428,1,lkv_mc_usu,q_mm_day,t_max_e5l
6256,0.8609057230394852,365,lkv_mc_usu,q_mm_day,t_max_e5l
76112,0.7981810879442705,1,lka_pc_use,prcp_e5l,prcp_e5l
4107,0.41731965943814364,1,lkv_mc_usu,q_mm_day,prcp_e5l
76495,0.5603399361714455,79,slt_pc_sav,q_mm_day,t_min_e5l
10343,0.6906308169673129,205,rev_mc_usu,q_mm_day,t_max_e5l
77124,0.7501737069021074,365,pst_pc_sse,prcp_e5l,prcp_e5l
10246,0.879607675117271,306,slp_dg_sav,q_mm_day,t_max_e5l
19183,0.7746514614359478,1,sgr_dk_sav,q_mm_day,t_min_e5l
72285,0.446125477864726,1,crp_pc_sse,q_mm_day,t_max_e5l
6562,0.6306306425526532,365,urb_pc_sse,q_mm_day,t_max_e5l
10219,0.6846397639360615,365,ire_pc_sse,prcp_e5l,t_min_e5l
75497,-5.5952821066532366,327,ws_area,t_min_e5l,t_min_e5l
10232,0.7917952323203329,1,lkv_mc_usu,t_min_e5l,t_max_e5l
70345,0.5167878606368487,172,ws_area,t_max_e5l,t_min_e5l
7187,0.7424841157806656,8,pst_pc_sse,t_max_e5l,t_min_e5l
6134,0.7540775562200315,327,gwt_cm_sav,prcp_e5l,prcp_e5l
10112,0.7603707840956919,165,crp_pc_sse,prcp_e5l,prcp_e5l
9568,0.6097633648551279,259,pst_pc_sse,t_min_e5l,t_min_e5l
9304,0.03696549382191072,111,cly_pc_sav,t_min_e5l,t_max_e5l
6491,0.7781377756910584,161,ele_mt_sav,t_min_e5l,t_max_e5l
5063,0.8700137593030316,1,kar_pc_sse,q_mm_day,t_min_e5l
49090,0.6965673777640338,163,cly_pc_sav,q_mm_day,t_max_e5l
5122,0.6977618666738044,1,for_pc_sse,q_mm_day,prcp_e5l
75740,0.6116659517066805,361,lka_pc_use,q_mm_day,t_max_e5l
8290,0.836113506646956,1,gwt_cm_sav,q_mm_day,t_max_e5l
10567,0.7869050230454965,1,slt_pc_sav,q_mm_day,t_min_e5l
5733,0.741654332985092,231,ele_mt_sav,t_min_e5l,t_min_e5l
5262,0.8858402537210209,170,prm_pc_sse,q_mm_day,prcp_e5l
8241,0.6062545112265045,1,snd_pc_sav,q_mm_day,t_min_e5l
75772,0.7238136911074705,5,lkv_mc_usu,q_mm_day,t_max_e5l
71193,0.9521011317094925,198,kar_pc_sse,t_max_e5l,t_max_e5l
75286,0.7208884860666238,365,gwt_cm_sav,q_mm_day,t_min_e5l
5664,0.8430525004953775,62,sgr_dk_sav,prcp_e5l,prcp_e5l
6259,0.7939269984351714,365,gwt_cm_sav,prcp_e5l,prcp_e5l
75296,-0.2058338810775271,191,slp_dg_sav,t_min_e5l,t_min_e5l
12498,0.748662030711128,2,lkv_mc_usu,q_mm_day,prcp_e5l
3136,0.9129240581025831,33,lkv_mc_usu,q_mm_day,t_max_e5l
79051,0.4776982342307664,87,ire_pc_sse,q_mm_day,t_min_e5l
10461,0.8954047237820875,43,ele_mt_sav,q_mm_day,t_max_e5l
11312,0.9866005493869263,1,crp_pc_sse,q_mm_day,t_max_e5l
7180,0.8556420428174185,365,prm_pc_sse,q_mm_day,t_max_e5l
3135,0.9073840985806497,51,ws_area,prcp_e5l,prcp_e5l
10411,0.8767131182635863,154,kar_pc_sse,q_mm_day,t_min_e5l
76253,0.5718154308491014,365,sgr_dk_sav,t_min_e5l,t_min_e5l
5383,0.845957766794017,331,slt_pc_sav,q_mm_day,t_min_e5l
10279,0.7742538417738895,149,pst_pc_sse,t_min_e5l,t_min_e5l
78513,0.00120787916007159,83,cly_pc_sav,t_min_e5l,t_min_e5l
76139,0.5411178949162403,354,prm_pc_sse,t_min_e5l,prcp_e5l
12059,0.5285307975660813,1,ele_mt_sav,q_mm_day,prcp_e5l
2107,0.9277576306657888,1,lka_pc_use,q_mm_day,t_min_e5l
72682,0.8519706258520852,365,lkv_mc_usu,q_mm_day,t_min_e5l
9226,0.7628568293415964,319,lka_pc_use,q_mm_day,prcp_e5l
6077,0.8645373284905442,17,inu_pc_ult,prcp_e5l,t_min_e5l
10122,0.9253321677949449,212,rev_mc_usu,q_mm_day,prcp_e5l
5652,0.38070878054331403,284,lkv_mc_usu,q_mm_day,prcp_e5l
75106,0.4251827045103732,5,inu_pc_ult,q_mm_day,t_max_e5l
70574,0.7462001577876358,270,prm_pc_sse,q_mm_day,t_min_e5l
48123,0.8586399636462678,89,gwt_cm_sav,t_max_e5l,t_max_e5l
72192,0.4271968727426153,1,gwt_cm_sav,t_max_e5l,t_min_e5l
10062,0.801708175219467,200,for_pc_sse,t_min_e5l,t_min_e5l
70609,0.7998876564571943,176,rev_mc_usu,t_max_e5l,t_min_e5l
3577,0.923595398208388,1,lkv_mc_usu,q_mm_day,t_max_e5l
10349,0.7227042210773174,4,slt_pc_sav,q_mm_day,t_min_e5l
4043,0.7821716383752434,2,ire_pc_sse,q_mm_day,prcp_e5l
9337,0.8387815887671612,1,kar_pc_sse,prcp_e5l,prcp_e5l
19185,0.17871401148637678,362,ws_area,q_mm_day,t_max_e5l
3248,0.7755672248216772,155,inu_pc_ult,t_max_e5l,t_max_e5l
72748,0.8454682001090307,1,ws_area,q_mm_day,t_min_e5l
80148,0.22541847170984242,1,for_pc_sse,q_mm_day,t_min_e5l
84243,0.9362034894353606,306,lka_pc_use,q_mm_day,t_min_e5l
76692,0.8279891372756859,365,pst_pc_sse,q_mm_day,prcp_e5l
10404,0.7612363993264969,363,urb_pc_sse,q_mm_day,t_min_e5l
49129,0.9267673482787233,2,kar_pc_sse,prcp_e5l,t_max_e5l
10315,0.9131547187276934,138,pst_pc_sse,q_mm_day,t_max_e5l
75699,-0.2687304491949303,274,ire_pc_sse,q_mm_day,t_min_e5l
78503,-0.2816109384626433,1,pst_pc_sse,q_mm_day,t_min_e5l
75749,0.7233922507891173,8,lka_pc_use,prcp_e5l,prcp_e5l
3219,0.722632446751172,1,slt_pc_sav,prcp_e5l,t_max_e5l
72110,0.8735488041708888,204,pst_pc_sse,t_max_e5l,t_max_e5l
3669,0.5327388479676332,139,prm_pc_sse,t_max_e5l,t_max_e5l
75547,0.7179758989931055,2,prm_pc_sse,q_mm_day,t_min_e5l
70533,0.7868261830709791,365,snd_pc_sav,q_mm_day,t_min_e5l
78142,0.8099526621029529,1,ele_mt_sav,q_mm_day,t_min_e5l
9403,0.8071948824876135,254,lkv_mc_usu,t_max_e5l,t_min_e5l
9560,0.9006971946529116,1,ws_area,q_mm_day,prcp_e5l
84029,0.5581006363205919,14,urb_pc_sse,t_min_e5l,t_min_e5l
9286,0.7098408721761575,365,cly_pc_sav,q_mm_day,t_min_e5l
11309,0.9227283222381765,161,for_pc_sse,q_mm_day,t_max_e5l
8582,0.16221165245260982,105,slt_pc_sav,t_min_e5l,t_min_e5l
70509,0.7902108031288427,1,prm_pc_sse,q_mm_day,t_min_e5l
5458,0.8931231187626592,1,crp_pc_sse,q_mm_day,t_min_e5l
70250,0.7655901580621263,334,lkv_mc_usu,q_mm_day,t_min_e5l
72738,0.8985947293785235,61,gwt_cm_sav,q_mm_day,t_max_e5l
70339,0.4681148566736849,12,cly_pc_sav,t_min_e5l,t_min_e5l
4159,0.4018924374548114,1,kar_pc_sse,prcp_e5l,t_max_e5l
10432,0.9118166964586847,270,sgr_dk_sav,q_mm_day,prcp_e5l
72752,0.40894008235074064,181,urb_pc_sse,t_min_e5l,prcp_e5l
75552,0.48912537209343276,1,ws_area,t_max_e5l,t_max_e5l
10100,0.8426081880781984,75,inu_pc_ult,q_mm_day,t_max_e5l
9285,0.6370872451427586,98,kar_pc_sse,prcp_e5l,prcp_e5l
10476,0.921799035789967,78,lkv_mc_usu,q_mm_day,t_max_e5l
8161,0.6169925752804395,1,crp_pc_sse,prcp_e5l,t_max_e5l
76284,0.7418309003818169,14,crp_pc_sse,t_max_e5l,t_min_e5l
2103,0.9096080736317556,1,lka_pc_use,prcp_e5l,t_max_e5l
77266,0.6419589648777336,26,pst_pc_sse,t_min_e5l,t_max_e5l
72423,0.4692826995561298,1,kar_pc_sse,prcp_e5l,t_min_e5l
5105,0.816569197370675,1,inu_pc_ult,q_mm_day,t_max_e5l
78515,0.5713532062327406,4,inu_pc_ult,q_mm_day,t_max_e5l
72569,0.7490020825340014,328,kar_pc_sse,q_mm_day,t_max_e5l
10651,0.9320337590702735,365,ele_mt_sav,q_mm_day,prcp_e5l
1556,0.5971659432943186,353,kar_pc_sse,prcp_e5l,prcp_e5l
77259,0.40205478161882147,1,kar_pc_sse,t_min_e5l,t_min_e5l
84031,0.8696217788485793,209,lka_pc_use,q_mm_day,t_max_e5l
76075,0.5831241018782791,9,cly_pc_sav,t_max_e5l,t_max_e5l
5160,0.6282151025844896,2,for_pc_sse,prcp_e5l,t_max_e5l
72155,0.5861640333241322,176,slp_dg_sav,t_min_e5l,prcp_e5l
19123,0.5674130655553582,3,kar_pc_sse,q_mm_day,prcp_e5l
8249,0.905948579372954,154,slt_pc_sav,q_mm_day,t_min_e5l
19092,0.566887883272225,144,ire_pc_sse,q_mm_day,t_max_e5l
77285,-0.039639315552557175,1,slp_dg_sav,t_min_e5l,t_max_e5l
10117,0.8433120837239881,19,slt_pc_sav,q_mm_day,t_max_e5l
82039,0.6424266478647249,190,pst_pc_sse,q_mm_day,t_max_e5l
84037,0.8977421852666578,364,snd_pc_sav,q_mm_day,prcp_e5l
10570,0.5554740731415289,365,rev_mc_usu,t_min_e5l,t_min_e5l
80118,0.762243114310005,1,snd_pc_sav,prcp_e5l,t_min_e5l
10511,0.9725848795511718,55,ire_pc_sse,q_mm_day,prcp_e5l
4034,0.6936502860527478,175,snd_pc_sav,t_min_e5l,t_min_e5l
5662,0.20107047558376756,359,sgr_dk_sav,q_mm_day,prcp_e5l
48002,-1.446151006952035,1,for_pc_sse,q_mm_day,t_max_e5l
75643,-0.23855318711786877,22,pst_pc_sse,prcp_e5l,t_max_e5l
48075,0.957743515144135,205,ele_mt_sav,t_max_e5l,t_min_e5l
75540,0.7820597519043152,176,ws_area,q_mm_day,t_min_e5l
11306,0.8930977281493437,365,ire_pc_sse,q_mm_day,prcp_e5l
10595,0.8436059338543764,364,rev_mc_usu,q_mm_day,t_min_e5l
7003,0.46713797017334024,185,ws_area,q_mm_day,prcp_e5l
10591,0.9277881725218177,175,gwt_cm_sav,t_min_e5l,t_max_e5l
71185,0.5570296300818258,362,prm_pc_sse,prcp_e5l,t_min_e5l
10379,0.5148473908902985,48,lkv_mc_usu,q_mm_day,t_max_e5l
75006,0.5914134178801248,365,rev_mc_usu,q_mm_day,t_max_e5l
77260,0.4662087588912499,321,ire_pc_sse,t_max_e5l,t_min_e5l
10044,0.9541980600860587,1,kar_pc_sse,t_max_e5l,t_max_e5l
5600,0.6822700207164136,173,pst_pc_sse,t_max_e5l,t_max_e5l
5166,0.6317127511978,1,ele_mt_sav,prcp_e5l,prcp_e5l
19313,0.6619962200305006,46,ws_area,prcp_e5l,t_max_e5l
70348,0.7296696827053952,182,cly_pc_sav,t_max_e5l,t_max_e5l
72625,0.9028290079051321,1,prm_pc_sse,q_mm_day,t_min_e5l
4145,0.7503023791886765,25,urb_pc_sse,t_max_e5l,t_max_e5l
3247,0.8103892543633422,1,rev_mc_usu,q_mm_day,t_max_e5l
10150,0.7862278611264104,1,ire_pc_sse,q_mm_day,t_max_e5l
7142,0.8694923026090061,1,lkv_mc_usu,t_min_e5l,t_max_e5l
76651,0.36816668665713204,189,inu_pc_ult,q_mm_day,prcp_e5l
72508,0.7274700574536013,3,inu_pc_ult,t_max_e5l,t_max_e5l
77115,0.439527745805366,92,ws_area,q_mm_day,t_max_e5l
70414,0.8288859317478428,1,cly_pc_sav,q_mm_day,t_max_e5l
11491,0.6235228995747693,1,snd_pc_sav,t_max_e5l,t_min_e5l
9112,0.851921314446428,365,prm_pc_sse,q_mm_day,t_min_e5l
75257,0.7436921793605811,4,slp_dg_sav,q_mm_day,t_max_e5l
6139,0.8447712215562463,174,for_pc_sse,q_mm_day,prcp_e5l
77210,0.18529213056519,1,ws_area,t_min_e5l,t_min_e5l
76364,0.7664215890230683,1,lka_pc_use,t_max_e5l,t_max_e5l
78231,0.216407098911352,1,urb_pc_sse,q_mm_day,t_max_e5l
4033,0.8686928287462099,365,crp_pc_sse,q_mm_day,t_min_e5l
7004,0.909844670632119,1,lkv_mc_usu,q_mm_day,t_min_e5l
7016,0.9042510315793298,240,for_pc_sse,q_mm_day,t_max_e5l
10400,0.831377921294658,198,ws_area,q_mm_day,t_min_e5l
48069,0.85955404066904,1,ws_area,q_mm_day,t_min_e5l
1608,0.8269100750168595,1,ws_area,t_max_e5l,t_max_e5l
5094,0.8760215474134128,1,ws_area,q_mm_day,t_max_e5l
6387,0.3803683802648238,354,kar_pc_sse,q_mm_day,t_min_e5l
8334,0.4320881952832202,203,ws_area,t_max_e5l,t_max_e5l
70601,0.5443531592276493,3,for_pc_sse,t_max_e5l,prcp_e5l
7009,0.8312328595073117,364,snd_pc_sav,q_mm_day,t_max_e5l
3150,0.8332533506989649,1,snd_pc_sav,q_mm_day,t_min_e5l
10407,0.7313480640662907,1,kar_pc_sse,q_mm_day,t_min_e5l
84008,-1.1956270157068314,1,crp_pc_sse,q_mm_day,t_max_e5l
72109,0.6721565269962149,212,urb_pc_sse,t_min_e5l,t_max_e5l
75776,0.43450658801700803,154,sgr_dk_sav,t_min_e5l,t_min_e5l
7034,0.9628583129600361,192,ire_pc_sse,t_max_e5l,t_max_e5l
72731,0.6869386727871505,1,gwt_cm_sav,t_max_e5l,t_min_e5l
80592,0.36422999432522374,1,ele_mt_sav,prcp_e5l,t_max_e5l
75656,-0.26456215325145727,1,prm_pc_sse,t_max_e5l,t_max_e5l
7200,0.6180414228514997,1,lka_pc_use,q_mm_day,prcp_e5l
77242,0.5806547135995495,351,slt_pc_sav,t_max_e5l,t_max_e5l
19108,0.6432639998469079,43,cly_pc_sav,q_mm_day,prcp_e5l
12043,-1.5225599888390988,365,pst_pc_sse,prcp_e5l,prcp_e5l
10231,0.8354735213427243,221,snd_pc_sav,t_max_e5l,t_max_e5l
5208,0.5872287307030861,1,cly_pc_sav,q_mm_day,prcp_e5l
75727,0.44314856037677064,365,crp_pc_sse,q_mm_day,t_max_e5l
7167,0.712045200231874,27,urb_pc_sse,t_max_e5l,t_min_e5l
72585,0.915614294774344,363,prm_pc_sse,q_mm_day,t_max_e5l
12189,0.8425692918467217,340,ire_pc_sse,q_mm_day,t_max_e5l
80442,0.8688151439977564,2,urb_pc_sse,q_mm_day,prcp_e5l
2034,0.9586742843218564,365,snd_pc_sav,q_mm_day,t_min_e5l
12320,0.8188828830149775,1,kar_pc_sse,t_min_e5l,t_min_e5l
72716,0.7997365744465035,222,sgr_dk_sav,q_mm_day,prcp_e5l
11556,0.7777911295474655,1,gwt_cm_sav,q_mm_day,t_max_e5l
5449,0.896117513270108,365,cly_pc_sav,prcp_e5l,prcp_e5l
76650,0.7895919881822178,27,crp_pc_sse,q_mm_day,t_max_e5l
75751,0.700045396980501,297,ele_mt_sav,prcp_e5l,t_min_e5l
7011,0.8044607966185385,2,ws_area,prcp_e5l,prcp_e5l
78611,0.43040746982367717,178,prm_pc_sse,t_min_e5l,t_min_e5l
84449,0.8478516448667106,310,cly_pc_sav,t_min_e5l,t_min_e5l
12417,0.8902033896334006,162,slt_pc_sav,q_mm_day,t_min_e5l
12611,0.9326539514600558,4,gwt_cm_sav,q_mm_day,t_max_e5l
10108,0.7571037715273732,1,urb_pc_sse,prcp_e5l,prcp_e5l
76243,-0.13011374812049992,247,prm_pc_sse,q_mm_day,t_max_e5l
5746,0.9677021372181229,320,lka_pc_use,prcp_e5l,prcp_e5l
5759,0.7571364643385252,247,ele_mt_sav,q_mm_day,t_max_e5l
78410,0.6769471811150332,362,lka_pc_use,q_mm_day,t_min_e5l
76256,0.6504203239421266,75,lkv_mc_usu,prcp_e5l,t_max_e5l
48030,0.9525710712475987,1,lkv_mc_usu,q_mm_day,t_min_e5l
5092,0.8764948129391383,217,for_pc_sse,q_mm_day,t_min_e5l
3291,0.6999599697669743,4,slp_dg_sav,t_min_e5l,t_min_e5l
76355,0.6802518223159235,163,prm_pc_sse,t_max_e5l,t_max_e5l
10396,0.6330152840882222,184,gwt_cm_sav,t_min_e5l,t_min_e5l
79006,0.3983206739184618,1,cly_pc_sav,t_max_e5l,t_max_e5l
84233,0.9653096463353039,1,for_pc_sse,q_mm_day,t_min_e5l
78519,0.7958477973035634,365,crp_pc_sse,t_max_e5l,prcp_e5l
76483,0.3920685970141955,199,for_pc_sse,t_min_e5l,t_min_e5l
2152,0.9480997761491483,1,lkv_mc_usu,q_mm_day,t_max_e5l
49126,0.8536454374357392,1,rev_mc_usu,t_min_e5l,t_min_e5l
76421,0.8128407729178401,2,ele_mt_sav,prcp_e5l,prcp_e5l
77166,0.6533338131133877,314,lkv_mc_usu,prcp_e5l,t_min_e5l
80196,0.7047943880734207,364,urb_pc_sse,q_mm_day,t_max_e5l
76406,0.867374622575819,365,inu_pc_ult,t_max_e5l,t_max_e5l
49127,0.8461206496323135,277,urb_pc_sse,t_max_e5l,t_max_e5l
4181,0.7251774047057844,240,crp_pc_sse,prcp_e5l,prcp_e5l
9199,0.4916695970458783,5,gwt_cm_sav,q_mm_day,t_max_e5l
75108,-0.26096406630781077,155,lkv_mc_usu,t_min_e5l,t_max_e5l
3059,0.7670798894095493,124,lkv_mc_usu,q_mm_day,t_max_e5l
9335,0.916228071181215,311,ele_mt_sav,t_max_e5l,t_max_e5l
78053,0.6514788336232931,3,sgr_dk_sav,q_mm_day,t_max_e5l
77209,-0.09969274781375836,291,ws_area,prcp_e5l,prcp_e5l
10209,0.7253577396215245,211,slt_pc_sav,q_mm_day,t_min_e5l
3569,0.6392084538144308,2,inu_pc_ult,t_max_e5l,t_min_e5l
9189,0.6768679050717118,95,ire_pc_sse,q_mm_day,t_max_e5l
82026,0.6496327162965234,2,slt_pc_sav,q_mm_day,t_max_e5l
72148,0.8772675194935335,365,crp_pc_sse,q_mm_day,t_min_e5l
8150,0.8519079044995406,1,inu_pc_ult,q_mm_day,t_min_e5l
75217,0.1575656887143132,18,prm_pc_sse,t_max_e5l,t_min_e5l
9283,0.6255570905718786,1,ele_mt_sav,t_min_e5l,t_max_e5l
49053,0.9537991813686071,365,lkv_mc_usu,t_max_e5l,t_max_e5l
75210,0.848391724217973,3,sgr_dk_sav,q_mm_day,t_min_e5l
70328,0.5900760412684618,1,for_pc_sse,q_mm_day,t_min_e5l
10126,0.871522361129033,365,kar_pc_sse,t_min_e5l,t_min_e5l
76648,0.848740907847746,1,kar_pc_sse,q_mm_day,t_min_e5l
75280,0.4728307833832811,21,urb_pc_sse,q_mm_day,t_max_e5l
10414,0.8413369249363888,285,pst_pc_sse,q_mm_day,t_min_e5l
75402,0.7686198146330486,12,pst_pc_sse,prcp_e5l,t_max_e5l
49093,0.6424570867553521,68,snd_pc_sav,q_mm_day,t_min_e5l
76685,0.5399896175050558,202,sgr_dk_sav,t_max_e5l,t_min_e5l
9397,0.9292700731452981,1,kar_pc_sse,q_mm_day,t_min_e5l
9324,0.5569717768288883,365,for_pc_sse,q_mm_day,t_min_e5l
75645,0.45419019557866724,316,prm_pc_sse,q_mm_day,t_max_e5l
12239,0.9345009016878745,6,prm_pc_sse,q_mm_day,t_max_e5l
76652,0.8229277961687846,208,slp_dg_sav,q_mm_day,t_min_e5l
78160,0.1866483911356489,1,snd_pc_sav,q_mm_day,t_max_e5l
11538,0.7031317724928831,1,lkv_mc_usu,t_min_e5l,prcp_e5l
7080,0.938207239362099,365,inu_pc_ult,q_mm_day,t_min_e5l
76255,0.4109936720585129,363,for_pc_sse,t_min_e5l,prcp_e5l
79011,0.7520803393001964,1,sgr_dk_sav,q_mm_day,t_min_e5l
75225,0.6492659631301425,312,pst_pc_sse,q_mm_day,t_min_e5l
9356,-0.017664972226901332,41,slp_dg_sav,t_max_e5l,t_min_e5l
10301,0.8661019003923776,230,rev_mc_usu,prcp_e5l,prcp_e5l
19172,0.6500788504077696,143,kar_pc_sse,q_mm_day,t_max_e5l
9298,0.9097166330140423,202,urb_pc_sse,q_mm_day,t_max_e5l
70531,0.6818483038173986,1,lkv_mc_usu,prcp_e5l,prcp_e5l
6549,0.8363448591748337,291,inu_pc_ult,q_mm_day,t_max_e5l
77270,0.6177222876400882,99,crp_pc_sse,q_mm_day,prcp_e5l
48088,0.8724498036768742,357,ele_mt_sav,q_mm_day,t_min_e5l
5403,0.8200224041250137,365,kar_pc_sse,q_mm_day,prcp_e5l
70011,0.8374061350596379,1,urb_pc_sse,q_mm_day,t_max_e5l
19122,0.3832885055249009,209,slt_pc_sav,t_min_e5l,t_max_e5l
4238,0.6191840475468608,1,cly_pc_sav,t_min_e5l,t_max_e5l
49094,0.7541882196911944,1,ire_pc_sse,prcp_e5l,t_min_e5l
83061,0.737865308736251,6,gwt_cm_sav,t_min_e5l,t_min_e5l
10148,0.7673433737690023,10,lka_pc_use,t_min_e5l,t_max_e5l
75553,0.6056849951536485,1,sgr_dk_sav,t_max_e5l,t_min_e5l
70206,0.6021426509534866,36,slt_pc_sav,t_max_e5l,t_min_e5l
19158,0.8360130858730505,358,pst_pc_sse,q_mm_day,t_min_e5l
78590,0.7947716411689654,9,prm_pc_sse,q_mm_day,prcp_e5l
4032,0.895329609871748,332,prm_pc_sse,q_mm_day,t_max_e5l
75289,0.5152812717450415,22,ire_pc_sse,q_mm_day,t_max_e5l
75299,0.6550564046725688,324,ele_mt_sav,q_mm_day,t_min_e5l
12125,0.750770260371436,170,for_pc_sse,t_max_e5l,t_max_e5l
70466,0.8203324149671808,1,slt_pc_sav,q_mm_day,t_min_e5l
10276,0.7542791458499051,20,rev_mc_usu,t_min_e5l,t_min_e5l
76367,0.7807815738314839,365,lkv_mc_usu,t_min_e5l,prcp_e5l
10380,0.6647057608515007,88,slt_pc_sav,q_mm_day,t_max_e5l
49014,0.9492766576606634,294,inu_pc_ult,prcp_e5l,prcp_e5l
70399,0.7009038507909866,201,ele_mt_sav,q_mm_day,prcp_e5l
79244,0.04045106355125272,1,ws_area,t_max_e5l,t_min_e5l
11385,0.8797651283799572,1,slp_dg_sav,q_mm_day,t_min_e5l
76270,0.6952723081661052,90,prm_pc_sse,t_max_e5l,t_max_e5l
78277,0.9635798623564906,235,ele_mt_sav,q_mm_day,t_min_e5l
75300,0.5101408893130601,1,lkv_mc_usu,q_mm_day,t_max_e5l
70209,0.4912263968022489,5,ele_mt_sav,q_mm_day,prcp_e5l
76190,0.4299493926267357,343,pst_pc_sse,prcp_e5l,t_max_e5l
19050,0.7247262292395202,365,gwt_cm_sav,q_mm_day,t_max_e5l
76180,0.7206733028904841,310,urb_pc_sse,q_mm_day,t_min_e5l
9326,0.5767837786271102,119,ele_mt_sav,q_mm_day,t_max_e5l
1151,0.7278781666162194,1,cly_pc_sav,q_mm_day,t_min_e5l
8339,0.6253211866693258,145,pst_pc_sse,prcp_e5l,prcp_e5l
75503,-6.246273379511811,98,ire_pc_sse,t_max_e5l,t_max_e5l
76456,0.7631395126441831,365,snd_pc_sav,q_mm_day,t_min_e5l
10478,0.9309439747673285,17,for_pc_sse,t_max_e5l,t_max_e5l
11353,0.790410190382897,182,for_pc_sse,q_mm_day,t_min_e5l
72519,0.8383127625494872,1,slt_pc_sav,q_mm_day,t_min_e5l
75291,0.7774497793038059,170,pst_pc_sse,q_mm_day,prcp_e5l
4148,0.6090195296020102,1,cly_pc_sav,q_mm_day,t_min_e5l
9279,0.7029857041466951,1,slp_dg_sav,q_mm_day,t_min_e5l
5642,0.18530769409353398,9,pst_pc_sse,q_mm_day,t_max_e5l
72076,0.9570744127390262,1,kar_pc_sse,q_mm_day,t_min_e5l
48038,0.9832252536690091,363,lka_pc_use,q_mm_day,t_min_e5l
70117,0.5636355303358785,360,urb_pc_sse,q_mm_day,t_max_e5l
3178,0.4498309936786904,1,lka_pc_use,q_mm_day,prcp_e5l
76520,0.7003525837443358,2,gwt_cm_sav,q_mm_day,t_min_e5l
72327,0.662453632703009,1,for_pc_sse,q_mm_day,prcp_e5l
77140,0.538359549553566,1,slp_dg_sav,t_min_e5l,t_max_e5l
72191,0.8787247499348185,11,gwt_cm_sav,q_mm_day,t_max_e5l
70211,0.5082602498909701,2,cly_pc_sav,t_max_e5l,prcp_e5l
77212,0.7793569358566079,1,ire_pc_sse,t_max_e5l,prcp_e5l
10204,0.8294940132000963,152,prm_pc_sse,q_mm_day,t_max_e5l
72760,0.7840687226222808,6,kar_pc_sse,q_mm_day,t_max_e5l
75301,0.5752662161706072,153,kar_pc_sse,t_min_e5l,t_max_e5l
70586,0.7125691003392213,144,inu_pc_ult,q_mm_day,t_max_e5l
76490,-5.8111134939476035,69,snd_pc_sav,q_mm_day,t_max_e5l
79324,0.5091426586393941,327,lkv_mc_usu,prcp_e5l,t_max_e5l
80113,0.23210074568380012,159,inu_pc_ult,t_max_e5l,t_min_e5l
7036,0.847591262074286,216,ire_pc_sse,q_mm_day,t_max_e5l
4141,0.6699925732399024,1,kar_pc_sse,q_mm_day,t_max_e5l
73110,0.8312299782496223,1,snd_pc_sav,q_mm_day,t_max_e5l
49125,0.8184951768415474,226,snd_pc_sav,q_mm_day,t_max_e5l
75227,0.49740415430896834,361,for_pc_sse,q_mm_day,t_max_e5l
2270,0.9292358534841907,1,kar_pc_sse,t_min_e5l,t_min_e5l
72739,0.882200769845814,30,sgr_dk_sav,t_min_e5l,prcp_e5l
72753,0.9413408526989645,1,lkv_mc_usu,q_mm_day,t_min_e5l
5459,0.9736717720898957,363,snd_pc_sav,t_min_e5l,t_min_e5l
7156,0.6776342689828205,11,snd_pc_sav,t_min_e5l,t_min_e5l
6143,0.9281716440579559,136,sgr_dk_sav,q_mm_day,t_max_e5l
7024,0.922385044612552,97,for_pc_sse,t_max_e5l,t_min_e5l
48091,0.8508979012162008,365,snd_pc_sav,q_mm_day,t_max_e5l
77193,0.1952395264716812,334,kar_pc_sse,t_max_e5l,t_max_e5l
6141,0.864610535422493,182,rev_mc_usu,t_min_e5l,t_min_e5l
72649,0.8991243822708161,93,prm_pc_sse,q_mm_day,prcp_e5l
2229,0.9300615985433116,365,snd_pc_sav,t_min_e5l,t_min_e5l
72104,0.8863928156226925,150,slp_dg_sav,t_min_e5l,t_max_e5l
70459,0.7755269860012766,223,lka_pc_use,q_mm_day,t_min_e5l
76360,0.6415754707399762,133,ire_pc_sse,t_min_e5l,t_max_e5l
19127,-115.50281370468853,1,urb_pc_sse,t_max_e5l,prcp_e5l
3079,0.8669270757722074,1,ire_pc_sse,q_mm_day,t_min_e5l
72064,0.7939390672773434,100,inu_pc_ult,prcp_e5l,prcp_e5l
75079,0.7104741949177507,1,ire_pc_sse,q_mm_day,t_min_e5l
10441,0.8929364097930887,1,ire_pc_sse,t_min_e5l,t_min_e5l
75561,0.28743404731067745,2,pst_pc_sse,t_min_e5l,t_max_e5l
48089,0.15921786518404413,229,kar_pc_sse,q_mm_day,t_max_e5l
75382,0.5547960980339472,1,kar_pc_sse,q_mm_day,prcp_e5l
10184,0.7936260609136867,67,snd_pc_sav,q_mm_day,t_max_e5l
76264,0.5956481482670583,65,urb_pc_sse,t_min_e5l,t_max_e5l
2203,0.8628725891409154,177,ws_area,t_max_e5l,t_min_e5l
5635,-0.23818224727936887,1,ire_pc_sse,q_mm_day,prcp_e5l
83372,0.6506526824282725,1,crp_pc_sse,prcp_e5l,prcp_e5l
70587,0.6949638255486713,152,ele_mt_sav,t_max_e5l,t_min_e5l
75752,-0.10953209779225737,97,lkv_mc_usu,t_max_e5l,t_max_e5l
10323,0.8965672699844508,1,lka_pc_use,t_max_e5l,prcp_e5l
11352,0.8720140143993194,15,prm_pc_sse,t_min_e5l,t_min_e5l
10144,0.565395131663044,3,inu_pc_ult,prcp_e5l,t_max_e5l
75710,0.8080645195562235,313,ws_area,q_mm_day,t_max_e5l
75678,0.5243677255008705,365,lkv_mc_usu,q_mm_day,t_min_e5l
80165,0.42224521507317214,2,snd_pc_sav,q_mm_day,t_max_e5l
12279,0.8098314096726115,138,prm_pc_sse,prcp_e5l,prcp_e5l
72188,0.8234539463714241,222,prm_pc_sse,q_mm_day,t_max_e5l
49123,0.9415231684356021,1,snd_pc_sav,prcp_e5l,t_min_e5l
70499,0.8495492255456378,171,prm_pc_sse,q_mm_day,prcp_e5l
75219,0.7782987575027649,174,ele_mt_sav,t_min_e5l,t_max_e5l
2062,0.9429867658771897,1,gwt_cm_sav,q_mm_day,prcp_e5l
75624,-3.403465308097788,102,ele_mt_sav,prcp_e5l,t_max_e5l
10402,0.7195122650217061,197,cly_pc_sav,t_max_e5l,t_max_e5l
12476,0.7293559029716958,135,ws_area,q_mm_day,prcp_e5l
49120,0.8730250880534332,365,gwt_cm_sav,q_mm_day,t_max_e5l
10078,0.9253159382542682,1,rev_mc_usu,q_mm_day,t_max_e5l
11350,0.9229742405873902,1,slt_pc_sav,q_mm_day,t_max_e5l
75388,0.21041158142745708,275,crp_pc_sse,q_mm_day,t_max_e5l
76076,0.24776719377926493,146,urb_pc_sse,t_max_e5l,t_min_e5l
5552,0.8082856832152766,193,ire_pc_sse,prcp_e5l,prcp_e5l
1576,0.6473001097940467,365,cly_pc_sav,t_max_e5l,t_max_e5l
75074,0.6681515920401861,153,kar_pc_sse,q_mm_day,prcp_e5l
70340,0.7173505766347199,184,slt_pc_sav,q_mm_day,t_max_e5l
83262,0.8134139047536731,7,inu_pc_ult,q_mm_day,prcp_e5l
70559,0.5642531683522172,1,ws_area,q_mm_day,prcp_e5l
78130,-2.616127419113842,1,prm_pc_sse,q_mm_day,prcp_e5l
70288,0.5103515478831906,72,kar_pc_sse,prcp_e5l,t_min_e5l
84344,0.8811775022342283,164,gwt_cm_sav,q_mm_day,t_max_e5l
70334,0.6460807312939808,264,crp_pc_sse,q_mm_day,prcp_e5l
49070,0.7446816771975653,24,lkv_mc_usu,q_mm_day,t_max_e5l
77197,0.842985253776386,156,lkv_mc_usu,q_mm_day,t_min_e5l
78132,0.9556299077930979,1,ele_mt_sav,q_mm_day,t_min_e5l
72102,0.8666480553787879,232,crp_pc_sse,q_mm_day,t_max_e5l
7056,0.6617962841449285,179,lkv_mc_usu,t_max_e5l,t_min_e5l
70486,0.7414523115455449,7,slt_pc_sav,t_min_e5l,t_max_e5l
19170,0.8963927978559957,240,pst_pc_sse,prcp_e5l,t_max_e5l
80224,0.5952887115899007,1,ire_pc_sse,q_mm_day,prcp_e5l
76345,0.780677585989912,1,pst_pc_sse,q_mm_day,t_min_e5l
72179,0.8309216255277829,1,prm_pc_sse,q_mm_day,prcp_e5l
83318,0.8651955246763464,171,crp_pc_sse,prcp_e5l,prcp_e5l
75682,0.6819079697441262,1,ire_pc_sse,t_min_e5l,t_min_e5l
72269,0.8300819196314589,365,lkv_mc_usu,prcp_e5l,prcp_e5l
76494,0.7620310698883208,1,snd_pc_sav,q_mm_day,t_max_e5l
77223,0.6014445088273477,255,for_pc_sse,prcp_e5l,t_min_e5l
75728,0.6624151803040625,1,urb_pc_sse,q_mm_day,t_max_e5l
8233,0.5020049707661283,100,ws_area,t_max_e5l,t_min_e5l
75607,0.43127429139558293,1,ele_mt_sav,q_mm_day,t_min_e5l
75389,0.4366461136875208,1,lka_pc_use,q_mm_day,t_min_e5l
10586,0.8481386674793907,147,slt_pc_sav,t_min_e5l,t_min_e5l
84215,0.8914664000881134,365,slt_pc_sav,t_max_e5l,prcp_e5l
7087,0.8829664060956017,251,for_pc_sse,q_mm_day,t_max_e5l
10468,0.9441508929878549,150,inu_pc_ult,q_mm_day,t_min_e5l
48029,0.9700718001144432,243,kar_pc_sse,q_mm_day,t_min_e5l
72172,0.7971655296430755,1,slt_pc_sav,t_max_e5l,t_min_e5l
3637,0.9224823481491815,150,prm_pc_sse,q_mm_day,t_max_e5l
8289,0.830582245449164,199,rev_mc_usu,prcp_e5l,prcp_e5l
70248,0.5156828460381262,365,inu_pc_ult,q_mm_day,t_min_e5l
76688,0.677246358024209,273,slt_pc_sav,prcp_e5l,prcp_e5l
2040,0.9165831379018903,1,ire_pc_sse,q_mm_day,t_min_e5l
75202,0.7016202604333481,1,sgr_dk_sav,q_mm_day,t_max_e5l
78050,-0.5924744328768479,2,rev_mc_usu,t_max_e5l,prcp_e5l
5589,0.7042154186457504,194,ele_mt_sav,q_mm_day,t_min_e5l
76141,0.5931851730924025,1,prm_pc_sse,prcp_e5l,prcp_e5l
5151,0.7460962812203978,1,slt_pc_sav,prcp_e5l,prcp_e5l
76486,0.6667282258815783,1,lkv_mc_usu,prcp_e5l,t_max_e5l
78087,0.2962780907033563,246,inu_pc_ult,q_mm_day,t_max_e5l
76008,0.6724853352460293,159,for_pc_sse,q_mm_day,prcp_e5l
70517,0.6745300848021729,1,ire_pc_sse,q_mm_day,t_max_e5l
80198,-1.0391531322631171,1,lkv_mc_usu,t_min_e5l,t_min_e5l
75238,0.3502606472075025,1,gwt_cm_sav,t_min_e5l,t_max_e5l
75303,0.590142224402748,268,cly_pc_sav,t_min_e5l,prcp_e5l
76512,-2.0125146469306436,1,inu_pc_ult,q_mm_day,t_max_e5l
72603,0.7291103382388278,1,urb_pc_sse,q_mm_day,t_min_e5l
72660,0.8504651676421555,1,for_pc_sse,t_min_e5l,t_min_e5l
75576,0.8034214721444476,364,inu_pc_ult,q_mm_day,t_min_e5l
83288,0.7986296301141843,4,prm_pc_sse,q_mm_day,t_max_e5l
3210,0.658738778267774,1,lkv_mc_usu,q_mm_day,t_max_e5l
